SET NAMES utf8mb4;
SET FOREIGN_KEY_CHECKS = 0;

DELETE FROM t_user_token;
DELETE FROM t_operate_log;
DELETE FROM t_config;
DELETE FROM t_message;
DELETE FROM t_request_item;
DELETE FROM t_request_form;
DELETE FROM t_stock_record;
DELETE FROM t_stock_order_item;
DELETE FROM t_stock_order;
DELETE FROM t_price_record;
DELETE FROM t_stock;
DELETE FROM t_goods;
DELETE FROM t_customer;
DELETE FROM t_customer_level;
DELETE FROM t_maker;
DELETE FROM t_series;
DELETE FROM t_goods_type;
DELETE FROM t_brand;
DELETE FROM t_warehouse;
DELETE FROM t_role_permission;
DELETE FROM t_user_role;
DELETE FROM t_permission;
DELETE FROM t_role;
DELETE FROM t_user;
DELETE FROM t_dept;

INSERT INTO t_dept (id,parent_id,name,code,leader_id,sort,status,deleted,create_time,update_time) VALUES (1001,0,'部门01','DEPT01',2001,1,1,0,NOW(),NOW());
INSERT INTO t_dept (id,parent_id,name,code,leader_id,sort,status,deleted,create_time,update_time) VALUES (1002,1001,'部门02','DEPT02',2002,2,1,0,NOW(),NOW());
INSERT INTO t_dept (id,parent_id,name,code,leader_id,sort,status,deleted,create_time,update_time) VALUES (1003,1001,'部门03','DEPT03',2003,3,1,0,NOW(),NOW());
INSERT INTO t_dept (id,parent_id,name,code,leader_id,sort,status,deleted,create_time,update_time) VALUES (1004,1001,'部门04','DEPT04',2004,4,1,0,NOW(),NOW());
INSERT INTO t_dept (id,parent_id,name,code,leader_id,sort,status,deleted,create_time,update_time) VALUES (1005,1001,'部门05','DEPT05',2005,5,1,0,NOW(),NOW());
INSERT INTO t_dept (id,parent_id,name,code,leader_id,sort,status,deleted,create_time,update_time) VALUES (1006,1001,'部门06','DEPT06',2006,6,1,0,NOW(),NOW());
INSERT INTO t_dept (id,parent_id,name,code,leader_id,sort,status,deleted,create_time,update_time) VALUES (1007,1001,'部门07','DEPT07',2007,7,1,0,NOW(),NOW());
INSERT INTO t_dept (id,parent_id,name,code,leader_id,sort,status,deleted,create_time,update_time) VALUES (1008,1001,'部门08','DEPT08',2008,8,1,0,NOW(),NOW());
INSERT INTO t_dept (id,parent_id,name,code,leader_id,sort,status,deleted,create_time,update_time) VALUES (1009,1001,'部门09','DEPT09',2009,9,1,0,NOW(),NOW());
INSERT INTO t_dept (id,parent_id,name,code,leader_id,sort,status,deleted,create_time,update_time) VALUES (1010,1001,'部门10','DEPT10',2010,10,1,0,NOW(),NOW());
INSERT INTO t_dept (id,parent_id,name,code,leader_id,sort,status,deleted,create_time,update_time) VALUES (1011,1001,'部门11','DEPT11',2011,11,1,0,NOW(),NOW());
INSERT INTO t_dept (id,parent_id,name,code,leader_id,sort,status,deleted,create_time,update_time) VALUES (1012,1001,'部门12','DEPT12',2012,12,1,0,NOW(),NOW());
INSERT INTO t_dept (id,parent_id,name,code,leader_id,sort,status,deleted,create_time,update_time) VALUES (1013,1001,'部门13','DEPT13',2013,13,1,0,NOW(),NOW());
INSERT INTO t_dept (id,parent_id,name,code,leader_id,sort,status,deleted,create_time,update_time) VALUES (1014,1001,'部门14','DEPT14',2014,14,1,0,NOW(),NOW());
INSERT INTO t_dept (id,parent_id,name,code,leader_id,sort,status,deleted,create_time,update_time) VALUES (1015,1001,'部门15','DEPT15',2015,15,1,0,NOW(),NOW());
INSERT INTO t_dept (id,parent_id,name,code,leader_id,sort,status,deleted,create_time,update_time) VALUES (1016,1001,'部门16','DEPT16',2016,16,1,0,NOW(),NOW());
INSERT INTO t_dept (id,parent_id,name,code,leader_id,sort,status,deleted,create_time,update_time) VALUES (1017,1001,'部门17','DEPT17',2017,17,1,0,NOW(),NOW());
INSERT INTO t_dept (id,parent_id,name,code,leader_id,sort,status,deleted,create_time,update_time) VALUES (1018,1001,'部门18','DEPT18',2018,18,1,0,NOW(),NOW());
INSERT INTO t_dept (id,parent_id,name,code,leader_id,sort,status,deleted,create_time,update_time) VALUES (1019,1001,'部门19','DEPT19',2019,19,1,0,NOW(),NOW());
INSERT INTO t_dept (id,parent_id,name,code,leader_id,sort,status,deleted,create_time,update_time) VALUES (1020,1001,'部门20','DEPT20',2020,20,1,0,NOW(),NOW());
INSERT INTO t_dept (id,parent_id,name,code,leader_id,sort,status,deleted,create_time,update_time) VALUES (1021,1001,'部门21','DEPT21',2021,21,1,0,NOW(),NOW());
INSERT INTO t_dept (id,parent_id,name,code,leader_id,sort,status,deleted,create_time,update_time) VALUES (1022,1001,'部门22','DEPT22',2022,22,1,0,NOW(),NOW());
INSERT INTO t_dept (id,parent_id,name,code,leader_id,sort,status,deleted,create_time,update_time) VALUES (1023,1001,'部门23','DEPT23',2023,23,1,0,NOW(),NOW());
INSERT INTO t_dept (id,parent_id,name,code,leader_id,sort,status,deleted,create_time,update_time) VALUES (1024,1001,'部门24','DEPT24',2024,24,1,0,NOW(),NOW());
INSERT INTO t_dept (id,parent_id,name,code,leader_id,sort,status,deleted,create_time,update_time) VALUES (1025,1001,'部门25','DEPT25',2025,25,1,0,NOW(),NOW());
INSERT INTO t_dept (id,parent_id,name,code,leader_id,sort,status,deleted,create_time,update_time) VALUES (1026,1001,'部门26','DEPT26',2026,26,1,0,NOW(),NOW());
INSERT INTO t_dept (id,parent_id,name,code,leader_id,sort,status,deleted,create_time,update_time) VALUES (1027,1001,'部门27','DEPT27',2027,27,1,0,NOW(),NOW());
INSERT INTO t_dept (id,parent_id,name,code,leader_id,sort,status,deleted,create_time,update_time) VALUES (1028,1001,'部门28','DEPT28',2028,28,1,0,NOW(),NOW());
INSERT INTO t_dept (id,parent_id,name,code,leader_id,sort,status,deleted,create_time,update_time) VALUES (1029,1001,'部门29','DEPT29',2029,29,1,0,NOW(),NOW());
INSERT INTO t_dept (id,parent_id,name,code,leader_id,sort,status,deleted,create_time,update_time) VALUES (1030,1001,'部门30','DEPT30',2030,30,1,0,NOW(),NOW());
INSERT INTO t_user (id,username,password,dept_id,salt,email,phone,avatar,status,deleted,create_time,update_time) VALUES (2001,'user01','6f3f8c4f2ec2f9d8f2abf5f6d3f87123',1001,'a1b2c3','user01@kitchen.test','09000000001',NULL,1,0,NOW(),NOW());
INSERT INTO t_user (id,username,password,dept_id,salt,email,phone,avatar,status,deleted,create_time,update_time) VALUES (2002,'user02','6f3f8c4f2ec2f9d8f2abf5f6d3f87123',1002,'a1b2c3','user02@kitchen.test','09000000002',NULL,1,0,NOW(),NOW());
INSERT INTO t_user (id,username,password,dept_id,salt,email,phone,avatar,status,deleted,create_time,update_time) VALUES (2003,'user03','6f3f8c4f2ec2f9d8f2abf5f6d3f87123',1003,'a1b2c3','user03@kitchen.test','09000000003',NULL,1,0,NOW(),NOW());
INSERT INTO t_user (id,username,password,dept_id,salt,email,phone,avatar,status,deleted,create_time,update_time) VALUES (2004,'user04','6f3f8c4f2ec2f9d8f2abf5f6d3f87123',1004,'a1b2c3','user04@kitchen.test','09000000004',NULL,1,0,NOW(),NOW());
INSERT INTO t_user (id,username,password,dept_id,salt,email,phone,avatar,status,deleted,create_time,update_time) VALUES (2005,'user05','6f3f8c4f2ec2f9d8f2abf5f6d3f87123',1005,'a1b2c3','user05@kitchen.test','09000000005',NULL,1,0,NOW(),NOW());
INSERT INTO t_user (id,username,password,dept_id,salt,email,phone,avatar,status,deleted,create_time,update_time) VALUES (2006,'user06','6f3f8c4f2ec2f9d8f2abf5f6d3f87123',1006,'a1b2c3','user06@kitchen.test','09000000006',NULL,1,0,NOW(),NOW());
INSERT INTO t_user (id,username,password,dept_id,salt,email,phone,avatar,status,deleted,create_time,update_time) VALUES (2007,'user07','6f3f8c4f2ec2f9d8f2abf5f6d3f87123',1007,'a1b2c3','user07@kitchen.test','09000000007',NULL,1,0,NOW(),NOW());
INSERT INTO t_user (id,username,password,dept_id,salt,email,phone,avatar,status,deleted,create_time,update_time) VALUES (2008,'user08','6f3f8c4f2ec2f9d8f2abf5f6d3f87123',1008,'a1b2c3','user08@kitchen.test','09000000008',NULL,1,0,NOW(),NOW());
INSERT INTO t_user (id,username,password,dept_id,salt,email,phone,avatar,status,deleted,create_time,update_time) VALUES (2009,'user09','6f3f8c4f2ec2f9d8f2abf5f6d3f87123',1009,'a1b2c3','user09@kitchen.test','09000000009',NULL,1,0,NOW(),NOW());
INSERT INTO t_user (id,username,password,dept_id,salt,email,phone,avatar,status,deleted,create_time,update_time) VALUES (2010,'user10','6f3f8c4f2ec2f9d8f2abf5f6d3f87123',1010,'a1b2c3','user10@kitchen.test','09000000010',NULL,1,0,NOW(),NOW());
INSERT INTO t_user (id,username,password,dept_id,salt,email,phone,avatar,status,deleted,create_time,update_time) VALUES (2011,'user11','6f3f8c4f2ec2f9d8f2abf5f6d3f87123',1011,'a1b2c3','user11@kitchen.test','09000000011',NULL,1,0,NOW(),NOW());
INSERT INTO t_user (id,username,password,dept_id,salt,email,phone,avatar,status,deleted,create_time,update_time) VALUES (2012,'user12','6f3f8c4f2ec2f9d8f2abf5f6d3f87123',1012,'a1b2c3','user12@kitchen.test','09000000012',NULL,1,0,NOW(),NOW());
INSERT INTO t_user (id,username,password,dept_id,salt,email,phone,avatar,status,deleted,create_time,update_time) VALUES (2013,'user13','6f3f8c4f2ec2f9d8f2abf5f6d3f87123',1013,'a1b2c3','user13@kitchen.test','09000000013',NULL,1,0,NOW(),NOW());
INSERT INTO t_user (id,username,password,dept_id,salt,email,phone,avatar,status,deleted,create_time,update_time) VALUES (2014,'user14','6f3f8c4f2ec2f9d8f2abf5f6d3f87123',1014,'a1b2c3','user14@kitchen.test','09000000014',NULL,1,0,NOW(),NOW());
INSERT INTO t_user (id,username,password,dept_id,salt,email,phone,avatar,status,deleted,create_time,update_time) VALUES (2015,'user15','6f3f8c4f2ec2f9d8f2abf5f6d3f87123',1015,'a1b2c3','user15@kitchen.test','09000000015',NULL,1,0,NOW(),NOW());
INSERT INTO t_user (id,username,password,dept_id,salt,email,phone,avatar,status,deleted,create_time,update_time) VALUES (2016,'user16','6f3f8c4f2ec2f9d8f2abf5f6d3f87123',1016,'a1b2c3','user16@kitchen.test','09000000016',NULL,1,0,NOW(),NOW());
INSERT INTO t_user (id,username,password,dept_id,salt,email,phone,avatar,status,deleted,create_time,update_time) VALUES (2017,'user17','6f3f8c4f2ec2f9d8f2abf5f6d3f87123',1017,'a1b2c3','user17@kitchen.test','09000000017',NULL,1,0,NOW(),NOW());
INSERT INTO t_user (id,username,password,dept_id,salt,email,phone,avatar,status,deleted,create_time,update_time) VALUES (2018,'user18','6f3f8c4f2ec2f9d8f2abf5f6d3f87123',1018,'a1b2c3','user18@kitchen.test','09000000018',NULL,1,0,NOW(),NOW());
INSERT INTO t_user (id,username,password,dept_id,salt,email,phone,avatar,status,deleted,create_time,update_time) VALUES (2019,'user19','6f3f8c4f2ec2f9d8f2abf5f6d3f87123',1019,'a1b2c3','user19@kitchen.test','09000000019',NULL,1,0,NOW(),NOW());
INSERT INTO t_user (id,username,password,dept_id,salt,email,phone,avatar,status,deleted,create_time,update_time) VALUES (2020,'user20','6f3f8c4f2ec2f9d8f2abf5f6d3f87123',1020,'a1b2c3','user20@kitchen.test','09000000020',NULL,1,0,NOW(),NOW());
INSERT INTO t_user (id,username,password,dept_id,salt,email,phone,avatar,status,deleted,create_time,update_time) VALUES (2021,'user21','6f3f8c4f2ec2f9d8f2abf5f6d3f87123',1021,'a1b2c3','user21@kitchen.test','09000000021',NULL,1,0,NOW(),NOW());
INSERT INTO t_user (id,username,password,dept_id,salt,email,phone,avatar,status,deleted,create_time,update_time) VALUES (2022,'user22','6f3f8c4f2ec2f9d8f2abf5f6d3f87123',1022,'a1b2c3','user22@kitchen.test','09000000022',NULL,1,0,NOW(),NOW());
INSERT INTO t_user (id,username,password,dept_id,salt,email,phone,avatar,status,deleted,create_time,update_time) VALUES (2023,'user23','6f3f8c4f2ec2f9d8f2abf5f6d3f87123',1023,'a1b2c3','user23@kitchen.test','09000000023',NULL,1,0,NOW(),NOW());
INSERT INTO t_user (id,username,password,dept_id,salt,email,phone,avatar,status,deleted,create_time,update_time) VALUES (2024,'user24','6f3f8c4f2ec2f9d8f2abf5f6d3f87123',1024,'a1b2c3','user24@kitchen.test','09000000024',NULL,1,0,NOW(),NOW());
INSERT INTO t_user (id,username,password,dept_id,salt,email,phone,avatar,status,deleted,create_time,update_time) VALUES (2025,'user25','6f3f8c4f2ec2f9d8f2abf5f6d3f87123',1025,'a1b2c3','user25@kitchen.test','09000000025',NULL,1,0,NOW(),NOW());
INSERT INTO t_user (id,username,password,dept_id,salt,email,phone,avatar,status,deleted,create_time,update_time) VALUES (2026,'user26','6f3f8c4f2ec2f9d8f2abf5f6d3f87123',1026,'a1b2c3','user26@kitchen.test','09000000026',NULL,1,0,NOW(),NOW());
INSERT INTO t_user (id,username,password,dept_id,salt,email,phone,avatar,status,deleted,create_time,update_time) VALUES (2027,'user27','6f3f8c4f2ec2f9d8f2abf5f6d3f87123',1027,'a1b2c3','user27@kitchen.test','09000000027',NULL,1,0,NOW(),NOW());
INSERT INTO t_user (id,username,password,dept_id,salt,email,phone,avatar,status,deleted,create_time,update_time) VALUES (2028,'user28','6f3f8c4f2ec2f9d8f2abf5f6d3f87123',1028,'a1b2c3','user28@kitchen.test','09000000028',NULL,1,0,NOW(),NOW());
INSERT INTO t_user (id,username,password,dept_id,salt,email,phone,avatar,status,deleted,create_time,update_time) VALUES (2029,'user29','6f3f8c4f2ec2f9d8f2abf5f6d3f87123',1029,'a1b2c3','user29@kitchen.test','09000000029',NULL,1,0,NOW(),NOW());
INSERT INTO t_user (id,username,password,dept_id,salt,email,phone,avatar,status,deleted,create_time,update_time) VALUES (2030,'user30','6f3f8c4f2ec2f9d8f2abf5f6d3f87123',1030,'a1b2c3','user30@kitchen.test','09000000030',NULL,1,0,NOW(),NOW());
INSERT INTO t_role (id,name,code,remark,status,deleted,create_time,update_time) VALUES (3001,'角色01','ROLE_01','测试角色01',1,0,NOW(),NOW());
INSERT INTO t_role (id,name,code,remark,status,deleted,create_time,update_time) VALUES (3002,'角色02','ROLE_02','测试角色02',1,0,NOW(),NOW());
INSERT INTO t_role (id,name,code,remark,status,deleted,create_time,update_time) VALUES (3003,'角色03','ROLE_03','测试角色03',1,0,NOW(),NOW());
INSERT INTO t_role (id,name,code,remark,status,deleted,create_time,update_time) VALUES (3004,'角色04','ROLE_04','测试角色04',1,0,NOW(),NOW());
INSERT INTO t_role (id,name,code,remark,status,deleted,create_time,update_time) VALUES (3005,'角色05','ROLE_05','测试角色05',1,0,NOW(),NOW());
INSERT INTO t_role (id,name,code,remark,status,deleted,create_time,update_time) VALUES (3006,'角色06','ROLE_06','测试角色06',1,0,NOW(),NOW());
INSERT INTO t_role (id,name,code,remark,status,deleted,create_time,update_time) VALUES (3007,'角色07','ROLE_07','测试角色07',1,0,NOW(),NOW());
INSERT INTO t_role (id,name,code,remark,status,deleted,create_time,update_time) VALUES (3008,'角色08','ROLE_08','测试角色08',1,0,NOW(),NOW());
INSERT INTO t_role (id,name,code,remark,status,deleted,create_time,update_time) VALUES (3009,'角色09','ROLE_09','测试角色09',1,0,NOW(),NOW());
INSERT INTO t_role (id,name,code,remark,status,deleted,create_time,update_time) VALUES (3010,'角色10','ROLE_10','测试角色10',1,0,NOW(),NOW());
INSERT INTO t_role (id,name,code,remark,status,deleted,create_time,update_time) VALUES (3011,'角色11','ROLE_11','测试角色11',1,0,NOW(),NOW());
INSERT INTO t_role (id,name,code,remark,status,deleted,create_time,update_time) VALUES (3012,'角色12','ROLE_12','测试角色12',1,0,NOW(),NOW());
INSERT INTO t_role (id,name,code,remark,status,deleted,create_time,update_time) VALUES (3013,'角色13','ROLE_13','测试角色13',1,0,NOW(),NOW());
INSERT INTO t_role (id,name,code,remark,status,deleted,create_time,update_time) VALUES (3014,'角色14','ROLE_14','测试角色14',1,0,NOW(),NOW());
INSERT INTO t_role (id,name,code,remark,status,deleted,create_time,update_time) VALUES (3015,'角色15','ROLE_15','测试角色15',1,0,NOW(),NOW());
INSERT INTO t_role (id,name,code,remark,status,deleted,create_time,update_time) VALUES (3016,'角色16','ROLE_16','测试角色16',1,0,NOW(),NOW());
INSERT INTO t_role (id,name,code,remark,status,deleted,create_time,update_time) VALUES (3017,'角色17','ROLE_17','测试角色17',1,0,NOW(),NOW());
INSERT INTO t_role (id,name,code,remark,status,deleted,create_time,update_time) VALUES (3018,'角色18','ROLE_18','测试角色18',1,0,NOW(),NOW());
INSERT INTO t_role (id,name,code,remark,status,deleted,create_time,update_time) VALUES (3019,'角色19','ROLE_19','测试角色19',1,0,NOW(),NOW());
INSERT INTO t_role (id,name,code,remark,status,deleted,create_time,update_time) VALUES (3020,'角色20','ROLE_20','测试角色20',1,0,NOW(),NOW());
INSERT INTO t_role (id,name,code,remark,status,deleted,create_time,update_time) VALUES (3021,'角色21','ROLE_21','测试角色21',1,0,NOW(),NOW());
INSERT INTO t_role (id,name,code,remark,status,deleted,create_time,update_time) VALUES (3022,'角色22','ROLE_22','测试角色22',1,0,NOW(),NOW());
INSERT INTO t_role (id,name,code,remark,status,deleted,create_time,update_time) VALUES (3023,'角色23','ROLE_23','测试角色23',1,0,NOW(),NOW());
INSERT INTO t_role (id,name,code,remark,status,deleted,create_time,update_time) VALUES (3024,'角色24','ROLE_24','测试角色24',1,0,NOW(),NOW());
INSERT INTO t_role (id,name,code,remark,status,deleted,create_time,update_time) VALUES (3025,'角色25','ROLE_25','测试角色25',1,0,NOW(),NOW());
INSERT INTO t_role (id,name,code,remark,status,deleted,create_time,update_time) VALUES (3026,'角色26','ROLE_26','测试角色26',1,0,NOW(),NOW());
INSERT INTO t_role (id,name,code,remark,status,deleted,create_time,update_time) VALUES (3027,'角色27','ROLE_27','测试角色27',1,0,NOW(),NOW());
INSERT INTO t_role (id,name,code,remark,status,deleted,create_time,update_time) VALUES (3028,'角色28','ROLE_28','测试角色28',1,0,NOW(),NOW());
INSERT INTO t_role (id,name,code,remark,status,deleted,create_time,update_time) VALUES (3029,'角色29','ROLE_29','测试角色29',1,0,NOW(),NOW());
INSERT INTO t_role (id,name,code,remark,status,deleted,create_time,update_time) VALUES (3030,'角色30','ROLE_30','测试角色30',1,0,NOW(),NOW());
INSERT INTO t_permission (id,name,code,module,type,parent_id,path,sort,icon,component,status,deleted,create_time,update_time) VALUES (4001,'权限01','perm:01','kitchen',3,0,'/kitchen/p01',1,NULL,NULL,1,0,NOW(),NOW());
INSERT INTO t_permission (id,name,code,module,type,parent_id,path,sort,icon,component,status,deleted,create_time,update_time) VALUES (4002,'权限02','perm:02','kitchen',3,4001,'/kitchen/p02',2,NULL,NULL,1,0,NOW(),NOW());
INSERT INTO t_permission (id,name,code,module,type,parent_id,path,sort,icon,component,status,deleted,create_time,update_time) VALUES (4003,'权限03','perm:03','kitchen',3,4001,'/kitchen/p03',3,NULL,NULL,1,0,NOW(),NOW());
INSERT INTO t_permission (id,name,code,module,type,parent_id,path,sort,icon,component,status,deleted,create_time,update_time) VALUES (4004,'权限04','perm:04','kitchen',3,4001,'/kitchen/p04',4,NULL,NULL,1,0,NOW(),NOW());
INSERT INTO t_permission (id,name,code,module,type,parent_id,path,sort,icon,component,status,deleted,create_time,update_time) VALUES (4005,'权限05','perm:05','kitchen',3,4001,'/kitchen/p05',5,NULL,NULL,1,0,NOW(),NOW());
INSERT INTO t_permission (id,name,code,module,type,parent_id,path,sort,icon,component,status,deleted,create_time,update_time) VALUES (4006,'权限06','perm:06','kitchen',3,4001,'/kitchen/p06',6,NULL,NULL,1,0,NOW(),NOW());
INSERT INTO t_permission (id,name,code,module,type,parent_id,path,sort,icon,component,status,deleted,create_time,update_time) VALUES (4007,'权限07','perm:07','kitchen',3,4001,'/kitchen/p07',7,NULL,NULL,1,0,NOW(),NOW());
INSERT INTO t_permission (id,name,code,module,type,parent_id,path,sort,icon,component,status,deleted,create_time,update_time) VALUES (4008,'权限08','perm:08','kitchen',3,4001,'/kitchen/p08',8,NULL,NULL,1,0,NOW(),NOW());
INSERT INTO t_permission (id,name,code,module,type,parent_id,path,sort,icon,component,status,deleted,create_time,update_time) VALUES (4009,'权限09','perm:09','kitchen',3,4001,'/kitchen/p09',9,NULL,NULL,1,0,NOW(),NOW());
INSERT INTO t_permission (id,name,code,module,type,parent_id,path,sort,icon,component,status,deleted,create_time,update_time) VALUES (4010,'权限10','perm:10','kitchen',3,4001,'/kitchen/p10',10,NULL,NULL,1,0,NOW(),NOW());
INSERT INTO t_permission (id,name,code,module,type,parent_id,path,sort,icon,component,status,deleted,create_time,update_time) VALUES (4011,'权限11','perm:11','kitchen',3,4001,'/kitchen/p11',11,NULL,NULL,1,0,NOW(),NOW());
INSERT INTO t_permission (id,name,code,module,type,parent_id,path,sort,icon,component,status,deleted,create_time,update_time) VALUES (4012,'权限12','perm:12','kitchen',3,4001,'/kitchen/p12',12,NULL,NULL,1,0,NOW(),NOW());
INSERT INTO t_permission (id,name,code,module,type,parent_id,path,sort,icon,component,status,deleted,create_time,update_time) VALUES (4013,'权限13','perm:13','kitchen',3,4001,'/kitchen/p13',13,NULL,NULL,1,0,NOW(),NOW());
INSERT INTO t_permission (id,name,code,module,type,parent_id,path,sort,icon,component,status,deleted,create_time,update_time) VALUES (4014,'权限14','perm:14','kitchen',3,4001,'/kitchen/p14',14,NULL,NULL,1,0,NOW(),NOW());
INSERT INTO t_permission (id,name,code,module,type,parent_id,path,sort,icon,component,status,deleted,create_time,update_time) VALUES (4015,'权限15','perm:15','kitchen',3,4001,'/kitchen/p15',15,NULL,NULL,1,0,NOW(),NOW());
INSERT INTO t_permission (id,name,code,module,type,parent_id,path,sort,icon,component,status,deleted,create_time,update_time) VALUES (4016,'权限16','perm:16','kitchen',3,4001,'/kitchen/p16',16,NULL,NULL,1,0,NOW(),NOW());
INSERT INTO t_permission (id,name,code,module,type,parent_id,path,sort,icon,component,status,deleted,create_time,update_time) VALUES (4017,'权限17','perm:17','kitchen',3,4001,'/kitchen/p17',17,NULL,NULL,1,0,NOW(),NOW());
INSERT INTO t_permission (id,name,code,module,type,parent_id,path,sort,icon,component,status,deleted,create_time,update_time) VALUES (4018,'权限18','perm:18','kitchen',3,4001,'/kitchen/p18',18,NULL,NULL,1,0,NOW(),NOW());
INSERT INTO t_permission (id,name,code,module,type,parent_id,path,sort,icon,component,status,deleted,create_time,update_time) VALUES (4019,'权限19','perm:19','kitchen',3,4001,'/kitchen/p19',19,NULL,NULL,1,0,NOW(),NOW());
INSERT INTO t_permission (id,name,code,module,type,parent_id,path,sort,icon,component,status,deleted,create_time,update_time) VALUES (4020,'权限20','perm:20','kitchen',3,4001,'/kitchen/p20',20,NULL,NULL,1,0,NOW(),NOW());
INSERT INTO t_permission (id,name,code,module,type,parent_id,path,sort,icon,component,status,deleted,create_time,update_time) VALUES (4021,'权限21','perm:21','kitchen',3,4001,'/kitchen/p21',21,NULL,NULL,1,0,NOW(),NOW());
INSERT INTO t_permission (id,name,code,module,type,parent_id,path,sort,icon,component,status,deleted,create_time,update_time) VALUES (4022,'权限22','perm:22','kitchen',3,4001,'/kitchen/p22',22,NULL,NULL,1,0,NOW(),NOW());
INSERT INTO t_permission (id,name,code,module,type,parent_id,path,sort,icon,component,status,deleted,create_time,update_time) VALUES (4023,'权限23','perm:23','kitchen',3,4001,'/kitchen/p23',23,NULL,NULL,1,0,NOW(),NOW());
INSERT INTO t_permission (id,name,code,module,type,parent_id,path,sort,icon,component,status,deleted,create_time,update_time) VALUES (4024,'权限24','perm:24','kitchen',3,4001,'/kitchen/p24',24,NULL,NULL,1,0,NOW(),NOW());
INSERT INTO t_permission (id,name,code,module,type,parent_id,path,sort,icon,component,status,deleted,create_time,update_time) VALUES (4025,'权限25','perm:25','kitchen',3,4001,'/kitchen/p25',25,NULL,NULL,1,0,NOW(),NOW());
INSERT INTO t_permission (id,name,code,module,type,parent_id,path,sort,icon,component,status,deleted,create_time,update_time) VALUES (4026,'权限26','perm:26','kitchen',3,4001,'/kitchen/p26',26,NULL,NULL,1,0,NOW(),NOW());
INSERT INTO t_permission (id,name,code,module,type,parent_id,path,sort,icon,component,status,deleted,create_time,update_time) VALUES (4027,'权限27','perm:27','kitchen',3,4001,'/kitchen/p27',27,NULL,NULL,1,0,NOW(),NOW());
INSERT INTO t_permission (id,name,code,module,type,parent_id,path,sort,icon,component,status,deleted,create_time,update_time) VALUES (4028,'权限28','perm:28','kitchen',3,4001,'/kitchen/p28',28,NULL,NULL,1,0,NOW(),NOW());
INSERT INTO t_permission (id,name,code,module,type,parent_id,path,sort,icon,component,status,deleted,create_time,update_time) VALUES (4029,'权限29','perm:29','kitchen',3,4001,'/kitchen/p29',29,NULL,NULL,1,0,NOW(),NOW());
INSERT INTO t_permission (id,name,code,module,type,parent_id,path,sort,icon,component,status,deleted,create_time,update_time) VALUES (4030,'权限30','perm:30','kitchen',3,4001,'/kitchen/p30',30,NULL,NULL,1,0,NOW(),NOW());
INSERT INTO t_user_role (id,user_id,role_id,deleted,create_time,update_time) VALUES (5001,2001,3001,0,NOW(),NOW());
INSERT INTO t_role_permission (id,role_id,permission_id,deleted,create_time,update_time) VALUES (6001,3001,4001,0,NOW(),NOW());
INSERT INTO t_user_role (id,user_id,role_id,deleted,create_time,update_time) VALUES (5002,2002,3002,0,NOW(),NOW());
INSERT INTO t_role_permission (id,role_id,permission_id,deleted,create_time,update_time) VALUES (6002,3002,4002,0,NOW(),NOW());
INSERT INTO t_user_role (id,user_id,role_id,deleted,create_time,update_time) VALUES (5003,2003,3003,0,NOW(),NOW());
INSERT INTO t_role_permission (id,role_id,permission_id,deleted,create_time,update_time) VALUES (6003,3003,4003,0,NOW(),NOW());
INSERT INTO t_user_role (id,user_id,role_id,deleted,create_time,update_time) VALUES (5004,2004,3004,0,NOW(),NOW());
INSERT INTO t_role_permission (id,role_id,permission_id,deleted,create_time,update_time) VALUES (6004,3004,4004,0,NOW(),NOW());
INSERT INTO t_user_role (id,user_id,role_id,deleted,create_time,update_time) VALUES (5005,2005,3005,0,NOW(),NOW());
INSERT INTO t_role_permission (id,role_id,permission_id,deleted,create_time,update_time) VALUES (6005,3005,4005,0,NOW(),NOW());
INSERT INTO t_user_role (id,user_id,role_id,deleted,create_time,update_time) VALUES (5006,2006,3006,0,NOW(),NOW());
INSERT INTO t_role_permission (id,role_id,permission_id,deleted,create_time,update_time) VALUES (6006,3006,4006,0,NOW(),NOW());
INSERT INTO t_user_role (id,user_id,role_id,deleted,create_time,update_time) VALUES (5007,2007,3007,0,NOW(),NOW());
INSERT INTO t_role_permission (id,role_id,permission_id,deleted,create_time,update_time) VALUES (6007,3007,4007,0,NOW(),NOW());
INSERT INTO t_user_role (id,user_id,role_id,deleted,create_time,update_time) VALUES (5008,2008,3008,0,NOW(),NOW());
INSERT INTO t_role_permission (id,role_id,permission_id,deleted,create_time,update_time) VALUES (6008,3008,4008,0,NOW(),NOW());
INSERT INTO t_user_role (id,user_id,role_id,deleted,create_time,update_time) VALUES (5009,2009,3009,0,NOW(),NOW());
INSERT INTO t_role_permission (id,role_id,permission_id,deleted,create_time,update_time) VALUES (6009,3009,4009,0,NOW(),NOW());
INSERT INTO t_user_role (id,user_id,role_id,deleted,create_time,update_time) VALUES (5010,2010,3010,0,NOW(),NOW());
INSERT INTO t_role_permission (id,role_id,permission_id,deleted,create_time,update_time) VALUES (6010,3010,4010,0,NOW(),NOW());
INSERT INTO t_user_role (id,user_id,role_id,deleted,create_time,update_time) VALUES (5011,2011,3011,0,NOW(),NOW());
INSERT INTO t_role_permission (id,role_id,permission_id,deleted,create_time,update_time) VALUES (6011,3011,4011,0,NOW(),NOW());
INSERT INTO t_user_role (id,user_id,role_id,deleted,create_time,update_time) VALUES (5012,2012,3012,0,NOW(),NOW());
INSERT INTO t_role_permission (id,role_id,permission_id,deleted,create_time,update_time) VALUES (6012,3012,4012,0,NOW(),NOW());
INSERT INTO t_user_role (id,user_id,role_id,deleted,create_time,update_time) VALUES (5013,2013,3013,0,NOW(),NOW());
INSERT INTO t_role_permission (id,role_id,permission_id,deleted,create_time,update_time) VALUES (6013,3013,4013,0,NOW(),NOW());
INSERT INTO t_user_role (id,user_id,role_id,deleted,create_time,update_time) VALUES (5014,2014,3014,0,NOW(),NOW());
INSERT INTO t_role_permission (id,role_id,permission_id,deleted,create_time,update_time) VALUES (6014,3014,4014,0,NOW(),NOW());
INSERT INTO t_user_role (id,user_id,role_id,deleted,create_time,update_time) VALUES (5015,2015,3015,0,NOW(),NOW());
INSERT INTO t_role_permission (id,role_id,permission_id,deleted,create_time,update_time) VALUES (6015,3015,4015,0,NOW(),NOW());
INSERT INTO t_user_role (id,user_id,role_id,deleted,create_time,update_time) VALUES (5016,2016,3016,0,NOW(),NOW());
INSERT INTO t_role_permission (id,role_id,permission_id,deleted,create_time,update_time) VALUES (6016,3016,4016,0,NOW(),NOW());
INSERT INTO t_user_role (id,user_id,role_id,deleted,create_time,update_time) VALUES (5017,2017,3017,0,NOW(),NOW());
INSERT INTO t_role_permission (id,role_id,permission_id,deleted,create_time,update_time) VALUES (6017,3017,4017,0,NOW(),NOW());
INSERT INTO t_user_role (id,user_id,role_id,deleted,create_time,update_time) VALUES (5018,2018,3018,0,NOW(),NOW());
INSERT INTO t_role_permission (id,role_id,permission_id,deleted,create_time,update_time) VALUES (6018,3018,4018,0,NOW(),NOW());
INSERT INTO t_user_role (id,user_id,role_id,deleted,create_time,update_time) VALUES (5019,2019,3019,0,NOW(),NOW());
INSERT INTO t_role_permission (id,role_id,permission_id,deleted,create_time,update_time) VALUES (6019,3019,4019,0,NOW(),NOW());
INSERT INTO t_user_role (id,user_id,role_id,deleted,create_time,update_time) VALUES (5020,2020,3020,0,NOW(),NOW());
INSERT INTO t_role_permission (id,role_id,permission_id,deleted,create_time,update_time) VALUES (6020,3020,4020,0,NOW(),NOW());
INSERT INTO t_user_role (id,user_id,role_id,deleted,create_time,update_time) VALUES (5021,2021,3021,0,NOW(),NOW());
INSERT INTO t_role_permission (id,role_id,permission_id,deleted,create_time,update_time) VALUES (6021,3021,4021,0,NOW(),NOW());
INSERT INTO t_user_role (id,user_id,role_id,deleted,create_time,update_time) VALUES (5022,2022,3022,0,NOW(),NOW());
INSERT INTO t_role_permission (id,role_id,permission_id,deleted,create_time,update_time) VALUES (6022,3022,4022,0,NOW(),NOW());
INSERT INTO t_user_role (id,user_id,role_id,deleted,create_time,update_time) VALUES (5023,2023,3023,0,NOW(),NOW());
INSERT INTO t_role_permission (id,role_id,permission_id,deleted,create_time,update_time) VALUES (6023,3023,4023,0,NOW(),NOW());
INSERT INTO t_user_role (id,user_id,role_id,deleted,create_time,update_time) VALUES (5024,2024,3024,0,NOW(),NOW());
INSERT INTO t_role_permission (id,role_id,permission_id,deleted,create_time,update_time) VALUES (6024,3024,4024,0,NOW(),NOW());
INSERT INTO t_user_role (id,user_id,role_id,deleted,create_time,update_time) VALUES (5025,2025,3025,0,NOW(),NOW());
INSERT INTO t_role_permission (id,role_id,permission_id,deleted,create_time,update_time) VALUES (6025,3025,4025,0,NOW(),NOW());
INSERT INTO t_user_role (id,user_id,role_id,deleted,create_time,update_time) VALUES (5026,2026,3026,0,NOW(),NOW());
INSERT INTO t_role_permission (id,role_id,permission_id,deleted,create_time,update_time) VALUES (6026,3026,4026,0,NOW(),NOW());
INSERT INTO t_user_role (id,user_id,role_id,deleted,create_time,update_time) VALUES (5027,2027,3027,0,NOW(),NOW());
INSERT INTO t_role_permission (id,role_id,permission_id,deleted,create_time,update_time) VALUES (6027,3027,4027,0,NOW(),NOW());
INSERT INTO t_user_role (id,user_id,role_id,deleted,create_time,update_time) VALUES (5028,2028,3028,0,NOW(),NOW());
INSERT INTO t_role_permission (id,role_id,permission_id,deleted,create_time,update_time) VALUES (6028,3028,4028,0,NOW(),NOW());
INSERT INTO t_user_role (id,user_id,role_id,deleted,create_time,update_time) VALUES (5029,2029,3029,0,NOW(),NOW());
INSERT INTO t_role_permission (id,role_id,permission_id,deleted,create_time,update_time) VALUES (6029,3029,4029,0,NOW(),NOW());
INSERT INTO t_user_role (id,user_id,role_id,deleted,create_time,update_time) VALUES (5030,2030,3030,0,NOW(),NOW());
INSERT INTO t_role_permission (id,role_id,permission_id,deleted,create_time,update_time) VALUES (6030,3030,4030,0,NOW(),NOW());
INSERT INTO t_warehouse (id,name,code,address,manager_id,status,deleted,create_time,update_time) VALUES (7001,'仓库01','WH01','Tokyo Area 01',2001,1,0,NOW(),NOW());
INSERT INTO t_brand (id,name,english_name,image,content,status,deleted,create_time,update_time) VALUES (8001,'品牌01','Brand01',NULL,'厨房品牌01',1,0,NOW(),NOW());
INSERT INTO t_goods_type (id,name,status,deleted,create_time,update_time) VALUES (8101,'分类01',1,0,NOW(),NOW());
INSERT INTO t_series (id,name,english_name,content,status,deleted,create_time,update_time) VALUES (8201,'系列01','Series01','厨房系列01',1,0,NOW(),NOW());
INSERT INTO t_maker (id,name,status,deleted,create_time,update_time) VALUES (8301,'厂家01',1,0,NOW(),NOW());
INSERT INTO t_warehouse (id,name,code,address,manager_id,status,deleted,create_time,update_time) VALUES (7002,'仓库02','WH02','Tokyo Area 02',2002,1,0,NOW(),NOW());
INSERT INTO t_brand (id,name,english_name,image,content,status,deleted,create_time,update_time) VALUES (8002,'品牌02','Brand02',NULL,'厨房品牌02',1,0,NOW(),NOW());
INSERT INTO t_goods_type (id,name,status,deleted,create_time,update_time) VALUES (8102,'分类02',1,0,NOW(),NOW());
INSERT INTO t_series (id,name,english_name,content,status,deleted,create_time,update_time) VALUES (8202,'系列02','Series02','厨房系列02',1,0,NOW(),NOW());
INSERT INTO t_maker (id,name,status,deleted,create_time,update_time) VALUES (8302,'厂家02',1,0,NOW(),NOW());
INSERT INTO t_warehouse (id,name,code,address,manager_id,status,deleted,create_time,update_time) VALUES (7003,'仓库03','WH03','Tokyo Area 03',2003,1,0,NOW(),NOW());
INSERT INTO t_brand (id,name,english_name,image,content,status,deleted,create_time,update_time) VALUES (8003,'品牌03','Brand03',NULL,'厨房品牌03',1,0,NOW(),NOW());
INSERT INTO t_goods_type (id,name,status,deleted,create_time,update_time) VALUES (8103,'分类03',1,0,NOW(),NOW());
INSERT INTO t_series (id,name,english_name,content,status,deleted,create_time,update_time) VALUES (8203,'系列03','Series03','厨房系列03',1,0,NOW(),NOW());
INSERT INTO t_maker (id,name,status,deleted,create_time,update_time) VALUES (8303,'厂家03',1,0,NOW(),NOW());
INSERT INTO t_warehouse (id,name,code,address,manager_id,status,deleted,create_time,update_time) VALUES (7004,'仓库04','WH04','Tokyo Area 04',2004,1,0,NOW(),NOW());
INSERT INTO t_brand (id,name,english_name,image,content,status,deleted,create_time,update_time) VALUES (8004,'品牌04','Brand04',NULL,'厨房品牌04',1,0,NOW(),NOW());
INSERT INTO t_goods_type (id,name,status,deleted,create_time,update_time) VALUES (8104,'分类04',1,0,NOW(),NOW());
INSERT INTO t_series (id,name,english_name,content,status,deleted,create_time,update_time) VALUES (8204,'系列04','Series04','厨房系列04',1,0,NOW(),NOW());
INSERT INTO t_maker (id,name,status,deleted,create_time,update_time) VALUES (8304,'厂家04',1,0,NOW(),NOW());
INSERT INTO t_warehouse (id,name,code,address,manager_id,status,deleted,create_time,update_time) VALUES (7005,'仓库05','WH05','Tokyo Area 05',2005,1,0,NOW(),NOW());
INSERT INTO t_brand (id,name,english_name,image,content,status,deleted,create_time,update_time) VALUES (8005,'品牌05','Brand05',NULL,'厨房品牌05',1,0,NOW(),NOW());
INSERT INTO t_goods_type (id,name,status,deleted,create_time,update_time) VALUES (8105,'分类05',1,0,NOW(),NOW());
INSERT INTO t_series (id,name,english_name,content,status,deleted,create_time,update_time) VALUES (8205,'系列05','Series05','厨房系列05',1,0,NOW(),NOW());
INSERT INTO t_maker (id,name,status,deleted,create_time,update_time) VALUES (8305,'厂家05',1,0,NOW(),NOW());
INSERT INTO t_warehouse (id,name,code,address,manager_id,status,deleted,create_time,update_time) VALUES (7006,'仓库06','WH06','Tokyo Area 06',2006,1,0,NOW(),NOW());
INSERT INTO t_brand (id,name,english_name,image,content,status,deleted,create_time,update_time) VALUES (8006,'品牌06','Brand06',NULL,'厨房品牌06',1,0,NOW(),NOW());
INSERT INTO t_goods_type (id,name,status,deleted,create_time,update_time) VALUES (8106,'分类06',1,0,NOW(),NOW());
INSERT INTO t_series (id,name,english_name,content,status,deleted,create_time,update_time) VALUES (8206,'系列06','Series06','厨房系列06',1,0,NOW(),NOW());
INSERT INTO t_maker (id,name,status,deleted,create_time,update_time) VALUES (8306,'厂家06',1,0,NOW(),NOW());
INSERT INTO t_warehouse (id,name,code,address,manager_id,status,deleted,create_time,update_time) VALUES (7007,'仓库07','WH07','Tokyo Area 07',2007,1,0,NOW(),NOW());
INSERT INTO t_brand (id,name,english_name,image,content,status,deleted,create_time,update_time) VALUES (8007,'品牌07','Brand07',NULL,'厨房品牌07',1,0,NOW(),NOW());
INSERT INTO t_goods_type (id,name,status,deleted,create_time,update_time) VALUES (8107,'分类07',1,0,NOW(),NOW());
INSERT INTO t_series (id,name,english_name,content,status,deleted,create_time,update_time) VALUES (8207,'系列07','Series07','厨房系列07',1,0,NOW(),NOW());
INSERT INTO t_maker (id,name,status,deleted,create_time,update_time) VALUES (8307,'厂家07',1,0,NOW(),NOW());
INSERT INTO t_warehouse (id,name,code,address,manager_id,status,deleted,create_time,update_time) VALUES (7008,'仓库08','WH08','Tokyo Area 08',2008,1,0,NOW(),NOW());
INSERT INTO t_brand (id,name,english_name,image,content,status,deleted,create_time,update_time) VALUES (8008,'品牌08','Brand08',NULL,'厨房品牌08',1,0,NOW(),NOW());
INSERT INTO t_goods_type (id,name,status,deleted,create_time,update_time) VALUES (8108,'分类08',1,0,NOW(),NOW());
INSERT INTO t_series (id,name,english_name,content,status,deleted,create_time,update_time) VALUES (8208,'系列08','Series08','厨房系列08',1,0,NOW(),NOW());
INSERT INTO t_maker (id,name,status,deleted,create_time,update_time) VALUES (8308,'厂家08',1,0,NOW(),NOW());
INSERT INTO t_warehouse (id,name,code,address,manager_id,status,deleted,create_time,update_time) VALUES (7009,'仓库09','WH09','Tokyo Area 09',2009,1,0,NOW(),NOW());
INSERT INTO t_brand (id,name,english_name,image,content,status,deleted,create_time,update_time) VALUES (8009,'品牌09','Brand09',NULL,'厨房品牌09',1,0,NOW(),NOW());
INSERT INTO t_goods_type (id,name,status,deleted,create_time,update_time) VALUES (8109,'分类09',1,0,NOW(),NOW());
INSERT INTO t_series (id,name,english_name,content,status,deleted,create_time,update_time) VALUES (8209,'系列09','Series09','厨房系列09',1,0,NOW(),NOW());
INSERT INTO t_maker (id,name,status,deleted,create_time,update_time) VALUES (8309,'厂家09',1,0,NOW(),NOW());
INSERT INTO t_warehouse (id,name,code,address,manager_id,status,deleted,create_time,update_time) VALUES (7010,'仓库10','WH10','Tokyo Area 10',2010,1,0,NOW(),NOW());
INSERT INTO t_brand (id,name,english_name,image,content,status,deleted,create_time,update_time) VALUES (8010,'品牌10','Brand10',NULL,'厨房品牌10',1,0,NOW(),NOW());
INSERT INTO t_goods_type (id,name,status,deleted,create_time,update_time) VALUES (8110,'分类10',1,0,NOW(),NOW());
INSERT INTO t_series (id,name,english_name,content,status,deleted,create_time,update_time) VALUES (8210,'系列10','Series10','厨房系列10',1,0,NOW(),NOW());
INSERT INTO t_maker (id,name,status,deleted,create_time,update_time) VALUES (8310,'厂家10',1,0,NOW(),NOW());
INSERT INTO t_warehouse (id,name,code,address,manager_id,status,deleted,create_time,update_time) VALUES (7011,'仓库11','WH11','Tokyo Area 11',2011,1,0,NOW(),NOW());
INSERT INTO t_brand (id,name,english_name,image,content,status,deleted,create_time,update_time) VALUES (8011,'品牌11','Brand11',NULL,'厨房品牌11',1,0,NOW(),NOW());
INSERT INTO t_goods_type (id,name,status,deleted,create_time,update_time) VALUES (8111,'分类11',1,0,NOW(),NOW());
INSERT INTO t_series (id,name,english_name,content,status,deleted,create_time,update_time) VALUES (8211,'系列11','Series11','厨房系列11',1,0,NOW(),NOW());
INSERT INTO t_maker (id,name,status,deleted,create_time,update_time) VALUES (8311,'厂家11',1,0,NOW(),NOW());
INSERT INTO t_warehouse (id,name,code,address,manager_id,status,deleted,create_time,update_time) VALUES (7012,'仓库12','WH12','Tokyo Area 12',2012,1,0,NOW(),NOW());
INSERT INTO t_brand (id,name,english_name,image,content,status,deleted,create_time,update_time) VALUES (8012,'品牌12','Brand12',NULL,'厨房品牌12',1,0,NOW(),NOW());
INSERT INTO t_goods_type (id,name,status,deleted,create_time,update_time) VALUES (8112,'分类12',1,0,NOW(),NOW());
INSERT INTO t_series (id,name,english_name,content,status,deleted,create_time,update_time) VALUES (8212,'系列12','Series12','厨房系列12',1,0,NOW(),NOW());
INSERT INTO t_maker (id,name,status,deleted,create_time,update_time) VALUES (8312,'厂家12',1,0,NOW(),NOW());
INSERT INTO t_warehouse (id,name,code,address,manager_id,status,deleted,create_time,update_time) VALUES (7013,'仓库13','WH13','Tokyo Area 13',2013,1,0,NOW(),NOW());
INSERT INTO t_brand (id,name,english_name,image,content,status,deleted,create_time,update_time) VALUES (8013,'品牌13','Brand13',NULL,'厨房品牌13',1,0,NOW(),NOW());
INSERT INTO t_goods_type (id,name,status,deleted,create_time,update_time) VALUES (8113,'分类13',1,0,NOW(),NOW());
INSERT INTO t_series (id,name,english_name,content,status,deleted,create_time,update_time) VALUES (8213,'系列13','Series13','厨房系列13',1,0,NOW(),NOW());
INSERT INTO t_maker (id,name,status,deleted,create_time,update_time) VALUES (8313,'厂家13',1,0,NOW(),NOW());
INSERT INTO t_warehouse (id,name,code,address,manager_id,status,deleted,create_time,update_time) VALUES (7014,'仓库14','WH14','Tokyo Area 14',2014,1,0,NOW(),NOW());
INSERT INTO t_brand (id,name,english_name,image,content,status,deleted,create_time,update_time) VALUES (8014,'品牌14','Brand14',NULL,'厨房品牌14',1,0,NOW(),NOW());
INSERT INTO t_goods_type (id,name,status,deleted,create_time,update_time) VALUES (8114,'分类14',1,0,NOW(),NOW());
INSERT INTO t_series (id,name,english_name,content,status,deleted,create_time,update_time) VALUES (8214,'系列14','Series14','厨房系列14',1,0,NOW(),NOW());
INSERT INTO t_maker (id,name,status,deleted,create_time,update_time) VALUES (8314,'厂家14',1,0,NOW(),NOW());
INSERT INTO t_warehouse (id,name,code,address,manager_id,status,deleted,create_time,update_time) VALUES (7015,'仓库15','WH15','Tokyo Area 15',2015,1,0,NOW(),NOW());
INSERT INTO t_brand (id,name,english_name,image,content,status,deleted,create_time,update_time) VALUES (8015,'品牌15','Brand15',NULL,'厨房品牌15',1,0,NOW(),NOW());
INSERT INTO t_goods_type (id,name,status,deleted,create_time,update_time) VALUES (8115,'分类15',1,0,NOW(),NOW());
INSERT INTO t_series (id,name,english_name,content,status,deleted,create_time,update_time) VALUES (8215,'系列15','Series15','厨房系列15',1,0,NOW(),NOW());
INSERT INTO t_maker (id,name,status,deleted,create_time,update_time) VALUES (8315,'厂家15',1,0,NOW(),NOW());
INSERT INTO t_warehouse (id,name,code,address,manager_id,status,deleted,create_time,update_time) VALUES (7016,'仓库16','WH16','Tokyo Area 16',2016,1,0,NOW(),NOW());
INSERT INTO t_brand (id,name,english_name,image,content,status,deleted,create_time,update_time) VALUES (8016,'品牌16','Brand16',NULL,'厨房品牌16',1,0,NOW(),NOW());
INSERT INTO t_goods_type (id,name,status,deleted,create_time,update_time) VALUES (8116,'分类16',1,0,NOW(),NOW());
INSERT INTO t_series (id,name,english_name,content,status,deleted,create_time,update_time) VALUES (8216,'系列16','Series16','厨房系列16',1,0,NOW(),NOW());
INSERT INTO t_maker (id,name,status,deleted,create_time,update_time) VALUES (8316,'厂家16',1,0,NOW(),NOW());
INSERT INTO t_warehouse (id,name,code,address,manager_id,status,deleted,create_time,update_time) VALUES (7017,'仓库17','WH17','Tokyo Area 17',2017,1,0,NOW(),NOW());
INSERT INTO t_brand (id,name,english_name,image,content,status,deleted,create_time,update_time) VALUES (8017,'品牌17','Brand17',NULL,'厨房品牌17',1,0,NOW(),NOW());
INSERT INTO t_goods_type (id,name,status,deleted,create_time,update_time) VALUES (8117,'分类17',1,0,NOW(),NOW());
INSERT INTO t_series (id,name,english_name,content,status,deleted,create_time,update_time) VALUES (8217,'系列17','Series17','厨房系列17',1,0,NOW(),NOW());
INSERT INTO t_maker (id,name,status,deleted,create_time,update_time) VALUES (8317,'厂家17',1,0,NOW(),NOW());
INSERT INTO t_warehouse (id,name,code,address,manager_id,status,deleted,create_time,update_time) VALUES (7018,'仓库18','WH18','Tokyo Area 18',2018,1,0,NOW(),NOW());
INSERT INTO t_brand (id,name,english_name,image,content,status,deleted,create_time,update_time) VALUES (8018,'品牌18','Brand18',NULL,'厨房品牌18',1,0,NOW(),NOW());
INSERT INTO t_goods_type (id,name,status,deleted,create_time,update_time) VALUES (8118,'分类18',1,0,NOW(),NOW());
INSERT INTO t_series (id,name,english_name,content,status,deleted,create_time,update_time) VALUES (8218,'系列18','Series18','厨房系列18',1,0,NOW(),NOW());
INSERT INTO t_maker (id,name,status,deleted,create_time,update_time) VALUES (8318,'厂家18',1,0,NOW(),NOW());
INSERT INTO t_warehouse (id,name,code,address,manager_id,status,deleted,create_time,update_time) VALUES (7019,'仓库19','WH19','Tokyo Area 19',2019,1,0,NOW(),NOW());
INSERT INTO t_brand (id,name,english_name,image,content,status,deleted,create_time,update_time) VALUES (8019,'品牌19','Brand19',NULL,'厨房品牌19',1,0,NOW(),NOW());
INSERT INTO t_goods_type (id,name,status,deleted,create_time,update_time) VALUES (8119,'分类19',1,0,NOW(),NOW());
INSERT INTO t_series (id,name,english_name,content,status,deleted,create_time,update_time) VALUES (8219,'系列19','Series19','厨房系列19',1,0,NOW(),NOW());
INSERT INTO t_maker (id,name,status,deleted,create_time,update_time) VALUES (8319,'厂家19',1,0,NOW(),NOW());
INSERT INTO t_warehouse (id,name,code,address,manager_id,status,deleted,create_time,update_time) VALUES (7020,'仓库20','WH20','Tokyo Area 20',2020,1,0,NOW(),NOW());
INSERT INTO t_brand (id,name,english_name,image,content,status,deleted,create_time,update_time) VALUES (8020,'品牌20','Brand20',NULL,'厨房品牌20',1,0,NOW(),NOW());
INSERT INTO t_goods_type (id,name,status,deleted,create_time,update_time) VALUES (8120,'分类20',1,0,NOW(),NOW());
INSERT INTO t_series (id,name,english_name,content,status,deleted,create_time,update_time) VALUES (8220,'系列20','Series20','厨房系列20',1,0,NOW(),NOW());
INSERT INTO t_maker (id,name,status,deleted,create_time,update_time) VALUES (8320,'厂家20',1,0,NOW(),NOW());
INSERT INTO t_warehouse (id,name,code,address,manager_id,status,deleted,create_time,update_time) VALUES (7021,'仓库21','WH21','Tokyo Area 21',2021,1,0,NOW(),NOW());
INSERT INTO t_brand (id,name,english_name,image,content,status,deleted,create_time,update_time) VALUES (8021,'品牌21','Brand21',NULL,'厨房品牌21',1,0,NOW(),NOW());
INSERT INTO t_goods_type (id,name,status,deleted,create_time,update_time) VALUES (8121,'分类21',1,0,NOW(),NOW());
INSERT INTO t_series (id,name,english_name,content,status,deleted,create_time,update_time) VALUES (8221,'系列21','Series21','厨房系列21',1,0,NOW(),NOW());
INSERT INTO t_maker (id,name,status,deleted,create_time,update_time) VALUES (8321,'厂家21',1,0,NOW(),NOW());
INSERT INTO t_warehouse (id,name,code,address,manager_id,status,deleted,create_time,update_time) VALUES (7022,'仓库22','WH22','Tokyo Area 22',2022,1,0,NOW(),NOW());
INSERT INTO t_brand (id,name,english_name,image,content,status,deleted,create_time,update_time) VALUES (8022,'品牌22','Brand22',NULL,'厨房品牌22',1,0,NOW(),NOW());
INSERT INTO t_goods_type (id,name,status,deleted,create_time,update_time) VALUES (8122,'分类22',1,0,NOW(),NOW());
INSERT INTO t_series (id,name,english_name,content,status,deleted,create_time,update_time) VALUES (8222,'系列22','Series22','厨房系列22',1,0,NOW(),NOW());
INSERT INTO t_maker (id,name,status,deleted,create_time,update_time) VALUES (8322,'厂家22',1,0,NOW(),NOW());
INSERT INTO t_warehouse (id,name,code,address,manager_id,status,deleted,create_time,update_time) VALUES (7023,'仓库23','WH23','Tokyo Area 23',2023,1,0,NOW(),NOW());
INSERT INTO t_brand (id,name,english_name,image,content,status,deleted,create_time,update_time) VALUES (8023,'品牌23','Brand23',NULL,'厨房品牌23',1,0,NOW(),NOW());
INSERT INTO t_goods_type (id,name,status,deleted,create_time,update_time) VALUES (8123,'分类23',1,0,NOW(),NOW());
INSERT INTO t_series (id,name,english_name,content,status,deleted,create_time,update_time) VALUES (8223,'系列23','Series23','厨房系列23',1,0,NOW(),NOW());
INSERT INTO t_maker (id,name,status,deleted,create_time,update_time) VALUES (8323,'厂家23',1,0,NOW(),NOW());
INSERT INTO t_warehouse (id,name,code,address,manager_id,status,deleted,create_time,update_time) VALUES (7024,'仓库24','WH24','Tokyo Area 24',2024,1,0,NOW(),NOW());
INSERT INTO t_brand (id,name,english_name,image,content,status,deleted,create_time,update_time) VALUES (8024,'品牌24','Brand24',NULL,'厨房品牌24',1,0,NOW(),NOW());
INSERT INTO t_goods_type (id,name,status,deleted,create_time,update_time) VALUES (8124,'分类24',1,0,NOW(),NOW());
INSERT INTO t_series (id,name,english_name,content,status,deleted,create_time,update_time) VALUES (8224,'系列24','Series24','厨房系列24',1,0,NOW(),NOW());
INSERT INTO t_maker (id,name,status,deleted,create_time,update_time) VALUES (8324,'厂家24',1,0,NOW(),NOW());
INSERT INTO t_warehouse (id,name,code,address,manager_id,status,deleted,create_time,update_time) VALUES (7025,'仓库25','WH25','Tokyo Area 25',2025,1,0,NOW(),NOW());
INSERT INTO t_brand (id,name,english_name,image,content,status,deleted,create_time,update_time) VALUES (8025,'品牌25','Brand25',NULL,'厨房品牌25',1,0,NOW(),NOW());
INSERT INTO t_goods_type (id,name,status,deleted,create_time,update_time) VALUES (8125,'分类25',1,0,NOW(),NOW());
INSERT INTO t_series (id,name,english_name,content,status,deleted,create_time,update_time) VALUES (8225,'系列25','Series25','厨房系列25',1,0,NOW(),NOW());
INSERT INTO t_maker (id,name,status,deleted,create_time,update_time) VALUES (8325,'厂家25',1,0,NOW(),NOW());
INSERT INTO t_warehouse (id,name,code,address,manager_id,status,deleted,create_time,update_time) VALUES (7026,'仓库26','WH26','Tokyo Area 26',2026,1,0,NOW(),NOW());
INSERT INTO t_brand (id,name,english_name,image,content,status,deleted,create_time,update_time) VALUES (8026,'品牌26','Brand26',NULL,'厨房品牌26',1,0,NOW(),NOW());
INSERT INTO t_goods_type (id,name,status,deleted,create_time,update_time) VALUES (8126,'分类26',1,0,NOW(),NOW());
INSERT INTO t_series (id,name,english_name,content,status,deleted,create_time,update_time) VALUES (8226,'系列26','Series26','厨房系列26',1,0,NOW(),NOW());
INSERT INTO t_maker (id,name,status,deleted,create_time,update_time) VALUES (8326,'厂家26',1,0,NOW(),NOW());
INSERT INTO t_warehouse (id,name,code,address,manager_id,status,deleted,create_time,update_time) VALUES (7027,'仓库27','WH27','Tokyo Area 27',2027,1,0,NOW(),NOW());
INSERT INTO t_brand (id,name,english_name,image,content,status,deleted,create_time,update_time) VALUES (8027,'品牌27','Brand27',NULL,'厨房品牌27',1,0,NOW(),NOW());
INSERT INTO t_goods_type (id,name,status,deleted,create_time,update_time) VALUES (8127,'分类27',1,0,NOW(),NOW());
INSERT INTO t_series (id,name,english_name,content,status,deleted,create_time,update_time) VALUES (8227,'系列27','Series27','厨房系列27',1,0,NOW(),NOW());
INSERT INTO t_maker (id,name,status,deleted,create_time,update_time) VALUES (8327,'厂家27',1,0,NOW(),NOW());
INSERT INTO t_warehouse (id,name,code,address,manager_id,status,deleted,create_time,update_time) VALUES (7028,'仓库28','WH28','Tokyo Area 28',2028,1,0,NOW(),NOW());
INSERT INTO t_brand (id,name,english_name,image,content,status,deleted,create_time,update_time) VALUES (8028,'品牌28','Brand28',NULL,'厨房品牌28',1,0,NOW(),NOW());
INSERT INTO t_goods_type (id,name,status,deleted,create_time,update_time) VALUES (8128,'分类28',1,0,NOW(),NOW());
INSERT INTO t_series (id,name,english_name,content,status,deleted,create_time,update_time) VALUES (8228,'系列28','Series28','厨房系列28',1,0,NOW(),NOW());
INSERT INTO t_maker (id,name,status,deleted,create_time,update_time) VALUES (8328,'厂家28',1,0,NOW(),NOW());
INSERT INTO t_warehouse (id,name,code,address,manager_id,status,deleted,create_time,update_time) VALUES (7029,'仓库29','WH29','Tokyo Area 29',2029,1,0,NOW(),NOW());
INSERT INTO t_brand (id,name,english_name,image,content,status,deleted,create_time,update_time) VALUES (8029,'品牌29','Brand29',NULL,'厨房品牌29',1,0,NOW(),NOW());
INSERT INTO t_goods_type (id,name,status,deleted,create_time,update_time) VALUES (8129,'分类29',1,0,NOW(),NOW());
INSERT INTO t_series (id,name,english_name,content,status,deleted,create_time,update_time) VALUES (8229,'系列29','Series29','厨房系列29',1,0,NOW(),NOW());
INSERT INTO t_maker (id,name,status,deleted,create_time,update_time) VALUES (8329,'厂家29',1,0,NOW(),NOW());
INSERT INTO t_warehouse (id,name,code,address,manager_id,status,deleted,create_time,update_time) VALUES (7030,'仓库30','WH30','Tokyo Area 30',2030,1,0,NOW(),NOW());
INSERT INTO t_brand (id,name,english_name,image,content,status,deleted,create_time,update_time) VALUES (8030,'品牌30','Brand30',NULL,'厨房品牌30',1,0,NOW(),NOW());
INSERT INTO t_goods_type (id,name,status,deleted,create_time,update_time) VALUES (8130,'分类30',1,0,NOW(),NOW());
INSERT INTO t_series (id,name,english_name,content,status,deleted,create_time,update_time) VALUES (8230,'系列30','Series30','厨房系列30',1,0,NOW(),NOW());
INSERT INTO t_maker (id,name,status,deleted,create_time,update_time) VALUES (8330,'厂家30',1,0,NOW(),NOW());
INSERT INTO t_goods (id,name,english_name,sku,series_id,brand_id,type_id,maker_id,price,discount,status,new_price,price_update_time,images,description,is_hot,version,deleted,create_time,update_time) VALUES (9001,'厨房用具01','Kitchen Tool 01','KIT-01-SKU-9001',8201,8001,8101,8301,35.00,0.9500,1,NULL,NULL,NULL,'厨房测试商品01',1,1,0,NOW(),NOW());
INSERT INTO t_goods (id,name,english_name,sku,series_id,brand_id,type_id,maker_id,price,discount,status,new_price,price_update_time,images,description,is_hot,version,deleted,create_time,update_time) VALUES (9002,'厨房用具02','Kitchen Tool 02','KIT-02-SKU-9002',8202,8002,8102,8302,40.00,0.9500,1,NULL,NULL,NULL,'厨房测试商品02',0,1,0,NOW(),NOW());
INSERT INTO t_goods (id,name,english_name,sku,series_id,brand_id,type_id,maker_id,price,discount,status,new_price,price_update_time,images,description,is_hot,version,deleted,create_time,update_time) VALUES (9003,'厨房用具03','Kitchen Tool 03','KIT-03-SKU-9003',8203,8003,8103,8303,45.00,0.9500,1,NULL,NULL,NULL,'厨房测试商品03',1,1,0,NOW(),NOW());
INSERT INTO t_goods (id,name,english_name,sku,series_id,brand_id,type_id,maker_id,price,discount,status,new_price,price_update_time,images,description,is_hot,version,deleted,create_time,update_time) VALUES (9004,'厨房用具04','Kitchen Tool 04','KIT-04-SKU-9004',8204,8004,8104,8304,50.00,0.9500,1,NULL,NULL,NULL,'厨房测试商品04',0,1,0,NOW(),NOW());
INSERT INTO t_goods (id,name,english_name,sku,series_id,brand_id,type_id,maker_id,price,discount,status,new_price,price_update_time,images,description,is_hot,version,deleted,create_time,update_time) VALUES (9005,'厨房用具05','Kitchen Tool 05','KIT-05-SKU-9005',8205,8005,8105,8305,55.00,0.9500,1,NULL,NULL,NULL,'厨房测试商品05',1,1,0,NOW(),NOW());
INSERT INTO t_goods (id,name,english_name,sku,series_id,brand_id,type_id,maker_id,price,discount,status,new_price,price_update_time,images,description,is_hot,version,deleted,create_time,update_time) VALUES (9006,'厨房用具06','Kitchen Tool 06','KIT-06-SKU-9006',8206,8006,8106,8306,60.00,0.9500,1,NULL,NULL,NULL,'厨房测试商品06',0,1,0,NOW(),NOW());
INSERT INTO t_goods (id,name,english_name,sku,series_id,brand_id,type_id,maker_id,price,discount,status,new_price,price_update_time,images,description,is_hot,version,deleted,create_time,update_time) VALUES (9007,'厨房用具07','Kitchen Tool 07','KIT-07-SKU-9007',8207,8007,8107,8307,65.00,0.9500,1,NULL,NULL,NULL,'厨房测试商品07',1,1,0,NOW(),NOW());
INSERT INTO t_goods (id,name,english_name,sku,series_id,brand_id,type_id,maker_id,price,discount,status,new_price,price_update_time,images,description,is_hot,version,deleted,create_time,update_time) VALUES (9008,'厨房用具08','Kitchen Tool 08','KIT-08-SKU-9008',8208,8008,8108,8308,70.00,0.9500,1,NULL,NULL,NULL,'厨房测试商品08',0,1,0,NOW(),NOW());
INSERT INTO t_goods (id,name,english_name,sku,series_id,brand_id,type_id,maker_id,price,discount,status,new_price,price_update_time,images,description,is_hot,version,deleted,create_time,update_time) VALUES (9009,'厨房用具09','Kitchen Tool 09','KIT-09-SKU-9009',8209,8009,8109,8309,75.00,0.9500,1,NULL,NULL,NULL,'厨房测试商品09',1,1,0,NOW(),NOW());
INSERT INTO t_goods (id,name,english_name,sku,series_id,brand_id,type_id,maker_id,price,discount,status,new_price,price_update_time,images,description,is_hot,version,deleted,create_time,update_time) VALUES (9010,'厨房用具10','Kitchen Tool 10','KIT-10-SKU-9010',8210,8010,8110,8310,80.00,0.9500,1,NULL,NULL,NULL,'厨房测试商品10',0,1,0,NOW(),NOW());
INSERT INTO t_goods (id,name,english_name,sku,series_id,brand_id,type_id,maker_id,price,discount,status,new_price,price_update_time,images,description,is_hot,version,deleted,create_time,update_time) VALUES (9011,'厨房用具11','Kitchen Tool 11','KIT-11-SKU-9011',8211,8011,8111,8311,85.00,0.9500,1,NULL,NULL,NULL,'厨房测试商品11',1,1,0,NOW(),NOW());
INSERT INTO t_goods (id,name,english_name,sku,series_id,brand_id,type_id,maker_id,price,discount,status,new_price,price_update_time,images,description,is_hot,version,deleted,create_time,update_time) VALUES (9012,'厨房用具12','Kitchen Tool 12','KIT-12-SKU-9012',8212,8012,8112,8312,90.00,0.9500,1,NULL,NULL,NULL,'厨房测试商品12',0,1,0,NOW(),NOW());
INSERT INTO t_goods (id,name,english_name,sku,series_id,brand_id,type_id,maker_id,price,discount,status,new_price,price_update_time,images,description,is_hot,version,deleted,create_time,update_time) VALUES (9013,'厨房用具13','Kitchen Tool 13','KIT-13-SKU-9013',8213,8013,8113,8313,95.00,0.9500,1,NULL,NULL,NULL,'厨房测试商品13',1,1,0,NOW(),NOW());
INSERT INTO t_goods (id,name,english_name,sku,series_id,brand_id,type_id,maker_id,price,discount,status,new_price,price_update_time,images,description,is_hot,version,deleted,create_time,update_time) VALUES (9014,'厨房用具14','Kitchen Tool 14','KIT-14-SKU-9014',8214,8014,8114,8314,100.00,0.9500,1,NULL,NULL,NULL,'厨房测试商品14',0,1,0,NOW(),NOW());
INSERT INTO t_goods (id,name,english_name,sku,series_id,brand_id,type_id,maker_id,price,discount,status,new_price,price_update_time,images,description,is_hot,version,deleted,create_time,update_time) VALUES (9015,'厨房用具15','Kitchen Tool 15','KIT-15-SKU-9015',8215,8015,8115,8315,105.00,0.9500,1,NULL,NULL,NULL,'厨房测试商品15',1,1,0,NOW(),NOW());
INSERT INTO t_goods (id,name,english_name,sku,series_id,brand_id,type_id,maker_id,price,discount,status,new_price,price_update_time,images,description,is_hot,version,deleted,create_time,update_time) VALUES (9016,'厨房用具16','Kitchen Tool 16','KIT-16-SKU-9016',8216,8016,8116,8316,110.00,0.9500,1,NULL,NULL,NULL,'厨房测试商品16',0,1,0,NOW(),NOW());
INSERT INTO t_goods (id,name,english_name,sku,series_id,brand_id,type_id,maker_id,price,discount,status,new_price,price_update_time,images,description,is_hot,version,deleted,create_time,update_time) VALUES (9017,'厨房用具17','Kitchen Tool 17','KIT-17-SKU-9017',8217,8017,8117,8317,115.00,0.9500,1,NULL,NULL,NULL,'厨房测试商品17',1,1,0,NOW(),NOW());
INSERT INTO t_goods (id,name,english_name,sku,series_id,brand_id,type_id,maker_id,price,discount,status,new_price,price_update_time,images,description,is_hot,version,deleted,create_time,update_time) VALUES (9018,'厨房用具18','Kitchen Tool 18','KIT-18-SKU-9018',8218,8018,8118,8318,120.00,0.9500,1,NULL,NULL,NULL,'厨房测试商品18',0,1,0,NOW(),NOW());
INSERT INTO t_goods (id,name,english_name,sku,series_id,brand_id,type_id,maker_id,price,discount,status,new_price,price_update_time,images,description,is_hot,version,deleted,create_time,update_time) VALUES (9019,'厨房用具19','Kitchen Tool 19','KIT-19-SKU-9019',8219,8019,8119,8319,125.00,0.9500,1,NULL,NULL,NULL,'厨房测试商品19',1,1,0,NOW(),NOW());
INSERT INTO t_goods (id,name,english_name,sku,series_id,brand_id,type_id,maker_id,price,discount,status,new_price,price_update_time,images,description,is_hot,version,deleted,create_time,update_time) VALUES (9020,'厨房用具20','Kitchen Tool 20','KIT-20-SKU-9020',8220,8020,8120,8320,130.00,0.9500,1,NULL,NULL,NULL,'厨房测试商品20',0,1,0,NOW(),NOW());
INSERT INTO t_goods (id,name,english_name,sku,series_id,brand_id,type_id,maker_id,price,discount,status,new_price,price_update_time,images,description,is_hot,version,deleted,create_time,update_time) VALUES (9021,'厨房用具21','Kitchen Tool 21','KIT-21-SKU-9021',8221,8021,8121,8321,135.00,0.9500,1,NULL,NULL,NULL,'厨房测试商品21',1,1,0,NOW(),NOW());
INSERT INTO t_goods (id,name,english_name,sku,series_id,brand_id,type_id,maker_id,price,discount,status,new_price,price_update_time,images,description,is_hot,version,deleted,create_time,update_time) VALUES (9022,'厨房用具22','Kitchen Tool 22','KIT-22-SKU-9022',8222,8022,8122,8322,140.00,0.9500,1,NULL,NULL,NULL,'厨房测试商品22',0,1,0,NOW(),NOW());
INSERT INTO t_goods (id,name,english_name,sku,series_id,brand_id,type_id,maker_id,price,discount,status,new_price,price_update_time,images,description,is_hot,version,deleted,create_time,update_time) VALUES (9023,'厨房用具23','Kitchen Tool 23','KIT-23-SKU-9023',8223,8023,8123,8323,145.00,0.9500,1,NULL,NULL,NULL,'厨房测试商品23',1,1,0,NOW(),NOW());
INSERT INTO t_goods (id,name,english_name,sku,series_id,brand_id,type_id,maker_id,price,discount,status,new_price,price_update_time,images,description,is_hot,version,deleted,create_time,update_time) VALUES (9024,'厨房用具24','Kitchen Tool 24','KIT-24-SKU-9024',8224,8024,8124,8324,150.00,0.9500,1,NULL,NULL,NULL,'厨房测试商品24',0,1,0,NOW(),NOW());
INSERT INTO t_goods (id,name,english_name,sku,series_id,brand_id,type_id,maker_id,price,discount,status,new_price,price_update_time,images,description,is_hot,version,deleted,create_time,update_time) VALUES (9025,'厨房用具25','Kitchen Tool 25','KIT-25-SKU-9025',8225,8025,8125,8325,155.00,0.9500,1,NULL,NULL,NULL,'厨房测试商品25',1,1,0,NOW(),NOW());
INSERT INTO t_goods (id,name,english_name,sku,series_id,brand_id,type_id,maker_id,price,discount,status,new_price,price_update_time,images,description,is_hot,version,deleted,create_time,update_time) VALUES (9026,'厨房用具26','Kitchen Tool 26','KIT-26-SKU-9026',8226,8026,8126,8326,160.00,0.9500,1,NULL,NULL,NULL,'厨房测试商品26',0,1,0,NOW(),NOW());
INSERT INTO t_goods (id,name,english_name,sku,series_id,brand_id,type_id,maker_id,price,discount,status,new_price,price_update_time,images,description,is_hot,version,deleted,create_time,update_time) VALUES (9027,'厨房用具27','Kitchen Tool 27','KIT-27-SKU-9027',8227,8027,8127,8327,165.00,0.9500,1,NULL,NULL,NULL,'厨房测试商品27',1,1,0,NOW(),NOW());
INSERT INTO t_goods (id,name,english_name,sku,series_id,brand_id,type_id,maker_id,price,discount,status,new_price,price_update_time,images,description,is_hot,version,deleted,create_time,update_time) VALUES (9028,'厨房用具28','Kitchen Tool 28','KIT-28-SKU-9028',8228,8028,8128,8328,170.00,0.9500,1,NULL,NULL,NULL,'厨房测试商品28',0,1,0,NOW(),NOW());
INSERT INTO t_goods (id,name,english_name,sku,series_id,brand_id,type_id,maker_id,price,discount,status,new_price,price_update_time,images,description,is_hot,version,deleted,create_time,update_time) VALUES (9029,'厨房用具29','Kitchen Tool 29','KIT-29-SKU-9029',8229,8029,8129,8329,175.00,0.9500,1,NULL,NULL,NULL,'厨房测试商品29',1,1,0,NOW(),NOW());
INSERT INTO t_goods (id,name,english_name,sku,series_id,brand_id,type_id,maker_id,price,discount,status,new_price,price_update_time,images,description,is_hot,version,deleted,create_time,update_time) VALUES (9030,'厨房用具30','Kitchen Tool 30','KIT-30-SKU-9030',8230,8030,8130,8330,180.00,0.9500,1,NULL,NULL,NULL,'厨房测试商品30',0,1,0,NOW(),NOW());
INSERT INTO t_stock (id,goods_id,goods_name,sku,warehouse_id,current_qty,lock_qty,price,price_update_time,status,version,deleted,create_time,update_time) VALUES (9101,9001,'厨房用具01','KIT-01-SKU-9001',7001,145,1,35.00,NOW(),1,1,0,NOW(),NOW());
INSERT INTO t_price_record (id,goods_id,goods_name,english_name,sku,old_price,new_price,discount,price_update_time,operator_id,operator_name,deleted,create_time,update_time) VALUES (9201,9001,'厨房用具01','Kitchen Tool 01','KIT-01-SKU-9001',45.00,35.00,0.9500,NOW(),2001,'user01',0,NOW(),NOW());
INSERT INTO t_stock (id,goods_id,goods_name,sku,warehouse_id,current_qty,lock_qty,price,price_update_time,status,version,deleted,create_time,update_time) VALUES (9102,9002,'厨房用具02','KIT-02-SKU-9002',7002,145,2,40.00,NOW(),1,1,0,NOW(),NOW());
INSERT INTO t_price_record (id,goods_id,goods_name,english_name,sku,old_price,new_price,discount,price_update_time,operator_id,operator_name,deleted,create_time,update_time) VALUES (9202,9002,'厨房用具02','Kitchen Tool 02','KIT-02-SKU-9002',50.00,40.00,0.9500,NOW(),2001,'user01',0,NOW(),NOW());
INSERT INTO t_stock (id,goods_id,goods_name,sku,warehouse_id,current_qty,lock_qty,price,price_update_time,status,version,deleted,create_time,update_time) VALUES (9103,9003,'厨房用具03','KIT-03-SKU-9003',7003,145,3,45.00,NOW(),1,1,0,NOW(),NOW());
INSERT INTO t_price_record (id,goods_id,goods_name,english_name,sku,old_price,new_price,discount,price_update_time,operator_id,operator_name,deleted,create_time,update_time) VALUES (9203,9003,'厨房用具03','Kitchen Tool 03','KIT-03-SKU-9003',55.00,45.00,0.9500,NOW(),2001,'user01',0,NOW(),NOW());
INSERT INTO t_stock (id,goods_id,goods_name,sku,warehouse_id,current_qty,lock_qty,price,price_update_time,status,version,deleted,create_time,update_time) VALUES (9104,9004,'厨房用具04','KIT-04-SKU-9004',7004,145,4,50.00,NOW(),1,1,0,NOW(),NOW());
INSERT INTO t_price_record (id,goods_id,goods_name,english_name,sku,old_price,new_price,discount,price_update_time,operator_id,operator_name,deleted,create_time,update_time) VALUES (9204,9004,'厨房用具04','Kitchen Tool 04','KIT-04-SKU-9004',60.00,50.00,0.9500,NOW(),2001,'user01',0,NOW(),NOW());
INSERT INTO t_stock (id,goods_id,goods_name,sku,warehouse_id,current_qty,lock_qty,price,price_update_time,status,version,deleted,create_time,update_time) VALUES (9105,9005,'厨房用具05','KIT-05-SKU-9005',7005,145,0,55.00,NOW(),1,1,0,NOW(),NOW());
INSERT INTO t_price_record (id,goods_id,goods_name,english_name,sku,old_price,new_price,discount,price_update_time,operator_id,operator_name,deleted,create_time,update_time) VALUES (9205,9005,'厨房用具05','Kitchen Tool 05','KIT-05-SKU-9005',65.00,55.00,0.9500,NOW(),2001,'user01',0,NOW(),NOW());
INSERT INTO t_stock (id,goods_id,goods_name,sku,warehouse_id,current_qty,lock_qty,price,price_update_time,status,version,deleted,create_time,update_time) VALUES (9106,9006,'厨房用具06','KIT-06-SKU-9006',7006,145,1,60.00,NOW(),1,1,0,NOW(),NOW());
INSERT INTO t_price_record (id,goods_id,goods_name,english_name,sku,old_price,new_price,discount,price_update_time,operator_id,operator_name,deleted,create_time,update_time) VALUES (9206,9006,'厨房用具06','Kitchen Tool 06','KIT-06-SKU-9006',70.00,60.00,0.9500,NOW(),2001,'user01',0,NOW(),NOW());
INSERT INTO t_stock (id,goods_id,goods_name,sku,warehouse_id,current_qty,lock_qty,price,price_update_time,status,version,deleted,create_time,update_time) VALUES (9107,9007,'厨房用具07','KIT-07-SKU-9007',7007,145,2,65.00,NOW(),1,1,0,NOW(),NOW());
INSERT INTO t_price_record (id,goods_id,goods_name,english_name,sku,old_price,new_price,discount,price_update_time,operator_id,operator_name,deleted,create_time,update_time) VALUES (9207,9007,'厨房用具07','Kitchen Tool 07','KIT-07-SKU-9007',75.00,65.00,0.9500,NOW(),2001,'user01',0,NOW(),NOW());
INSERT INTO t_stock (id,goods_id,goods_name,sku,warehouse_id,current_qty,lock_qty,price,price_update_time,status,version,deleted,create_time,update_time) VALUES (9108,9008,'厨房用具08','KIT-08-SKU-9008',7008,145,3,70.00,NOW(),1,1,0,NOW(),NOW());
INSERT INTO t_price_record (id,goods_id,goods_name,english_name,sku,old_price,new_price,discount,price_update_time,operator_id,operator_name,deleted,create_time,update_time) VALUES (9208,9008,'厨房用具08','Kitchen Tool 08','KIT-08-SKU-9008',80.00,70.00,0.9500,NOW(),2001,'user01',0,NOW(),NOW());
INSERT INTO t_stock (id,goods_id,goods_name,sku,warehouse_id,current_qty,lock_qty,price,price_update_time,status,version,deleted,create_time,update_time) VALUES (9109,9009,'厨房用具09','KIT-09-SKU-9009',7009,145,4,75.00,NOW(),1,1,0,NOW(),NOW());
INSERT INTO t_price_record (id,goods_id,goods_name,english_name,sku,old_price,new_price,discount,price_update_time,operator_id,operator_name,deleted,create_time,update_time) VALUES (9209,9009,'厨房用具09','Kitchen Tool 09','KIT-09-SKU-9009',85.00,75.00,0.9500,NOW(),2001,'user01',0,NOW(),NOW());
INSERT INTO t_stock (id,goods_id,goods_name,sku,warehouse_id,current_qty,lock_qty,price,price_update_time,status,version,deleted,create_time,update_time) VALUES (9110,9010,'厨房用具10','KIT-10-SKU-9010',7010,155,0,80.00,NOW(),1,1,0,NOW(),NOW());
INSERT INTO t_price_record (id,goods_id,goods_name,english_name,sku,old_price,new_price,discount,price_update_time,operator_id,operator_name,deleted,create_time,update_time) VALUES (9210,9010,'厨房用具10','Kitchen Tool 10','KIT-10-SKU-9010',90.00,80.00,0.9500,NOW(),2001,'user01',0,NOW(),NOW());
INSERT INTO t_stock (id,goods_id,goods_name,sku,warehouse_id,current_qty,lock_qty,price,price_update_time,status,version,deleted,create_time,update_time) VALUES (9111,9011,'厨房用具11','KIT-11-SKU-9011',7011,155,1,85.00,NOW(),1,1,0,NOW(),NOW());
INSERT INTO t_price_record (id,goods_id,goods_name,english_name,sku,old_price,new_price,discount,price_update_time,operator_id,operator_name,deleted,create_time,update_time) VALUES (9211,9011,'厨房用具11','Kitchen Tool 11','KIT-11-SKU-9011',95.00,85.00,0.9500,NOW(),2001,'user01',0,NOW(),NOW());
INSERT INTO t_stock (id,goods_id,goods_name,sku,warehouse_id,current_qty,lock_qty,price,price_update_time,status,version,deleted,create_time,update_time) VALUES (9112,9012,'厨房用具12','KIT-12-SKU-9012',7012,155,2,90.00,NOW(),1,1,0,NOW(),NOW());
INSERT INTO t_price_record (id,goods_id,goods_name,english_name,sku,old_price,new_price,discount,price_update_time,operator_id,operator_name,deleted,create_time,update_time) VALUES (9212,9012,'厨房用具12','Kitchen Tool 12','KIT-12-SKU-9012',100.00,90.00,0.9500,NOW(),2001,'user01',0,NOW(),NOW());
INSERT INTO t_stock (id,goods_id,goods_name,sku,warehouse_id,current_qty,lock_qty,price,price_update_time,status,version,deleted,create_time,update_time) VALUES (9113,9013,'厨房用具13','KIT-13-SKU-9013',7013,155,3,95.00,NOW(),1,1,0,NOW(),NOW());
INSERT INTO t_price_record (id,goods_id,goods_name,english_name,sku,old_price,new_price,discount,price_update_time,operator_id,operator_name,deleted,create_time,update_time) VALUES (9213,9013,'厨房用具13','Kitchen Tool 13','KIT-13-SKU-9013',105.00,95.00,0.9500,NOW(),2001,'user01',0,NOW(),NOW());
INSERT INTO t_stock (id,goods_id,goods_name,sku,warehouse_id,current_qty,lock_qty,price,price_update_time,status,version,deleted,create_time,update_time) VALUES (9114,9014,'厨房用具14','KIT-14-SKU-9014',7014,155,4,100.00,NOW(),1,1,0,NOW(),NOW());
INSERT INTO t_price_record (id,goods_id,goods_name,english_name,sku,old_price,new_price,discount,price_update_time,operator_id,operator_name,deleted,create_time,update_time) VALUES (9214,9014,'厨房用具14','Kitchen Tool 14','KIT-14-SKU-9014',110.00,100.00,0.9500,NOW(),2001,'user01',0,NOW(),NOW());
INSERT INTO t_stock (id,goods_id,goods_name,sku,warehouse_id,current_qty,lock_qty,price,price_update_time,status,version,deleted,create_time,update_time) VALUES (9115,9015,'厨房用具15','KIT-15-SKU-9015',7015,155,0,105.00,NOW(),1,1,0,NOW(),NOW());
INSERT INTO t_price_record (id,goods_id,goods_name,english_name,sku,old_price,new_price,discount,price_update_time,operator_id,operator_name,deleted,create_time,update_time) VALUES (9215,9015,'厨房用具15','Kitchen Tool 15','KIT-15-SKU-9015',115.00,105.00,0.9500,NOW(),2001,'user01',0,NOW(),NOW());
INSERT INTO t_stock (id,goods_id,goods_name,sku,warehouse_id,current_qty,lock_qty,price,price_update_time,status,version,deleted,create_time,update_time) VALUES (9116,9016,'厨房用具16','KIT-16-SKU-9016',7016,155,1,110.00,NOW(),1,1,0,NOW(),NOW());
INSERT INTO t_price_record (id,goods_id,goods_name,english_name,sku,old_price,new_price,discount,price_update_time,operator_id,operator_name,deleted,create_time,update_time) VALUES (9216,9016,'厨房用具16','Kitchen Tool 16','KIT-16-SKU-9016',120.00,110.00,0.9500,NOW(),2001,'user01',0,NOW(),NOW());
INSERT INTO t_stock (id,goods_id,goods_name,sku,warehouse_id,current_qty,lock_qty,price,price_update_time,status,version,deleted,create_time,update_time) VALUES (9117,9017,'厨房用具17','KIT-17-SKU-9017',7017,155,2,115.00,NOW(),1,1,0,NOW(),NOW());
INSERT INTO t_price_record (id,goods_id,goods_name,english_name,sku,old_price,new_price,discount,price_update_time,operator_id,operator_name,deleted,create_time,update_time) VALUES (9217,9017,'厨房用具17','Kitchen Tool 17','KIT-17-SKU-9017',125.00,115.00,0.9500,NOW(),2001,'user01',0,NOW(),NOW());
INSERT INTO t_stock (id,goods_id,goods_name,sku,warehouse_id,current_qty,lock_qty,price,price_update_time,status,version,deleted,create_time,update_time) VALUES (9118,9018,'厨房用具18','KIT-18-SKU-9018',7018,155,3,120.00,NOW(),1,1,0,NOW(),NOW());
INSERT INTO t_price_record (id,goods_id,goods_name,english_name,sku,old_price,new_price,discount,price_update_time,operator_id,operator_name,deleted,create_time,update_time) VALUES (9218,9018,'厨房用具18','Kitchen Tool 18','KIT-18-SKU-9018',130.00,120.00,0.9500,NOW(),2001,'user01',0,NOW(),NOW());
INSERT INTO t_stock (id,goods_id,goods_name,sku,warehouse_id,current_qty,lock_qty,price,price_update_time,status,version,deleted,create_time,update_time) VALUES (9119,9019,'厨房用具19','KIT-19-SKU-9019',7019,155,4,125.00,NOW(),1,1,0,NOW(),NOW());
INSERT INTO t_price_record (id,goods_id,goods_name,english_name,sku,old_price,new_price,discount,price_update_time,operator_id,operator_name,deleted,create_time,update_time) VALUES (9219,9019,'厨房用具19','Kitchen Tool 19','KIT-19-SKU-9019',135.00,125.00,0.9500,NOW(),2001,'user01',0,NOW(),NOW());
INSERT INTO t_stock (id,goods_id,goods_name,sku,warehouse_id,current_qty,lock_qty,price,price_update_time,status,version,deleted,create_time,update_time) VALUES (9120,9020,'厨房用具20','KIT-20-SKU-9020',7020,165,0,130.00,NOW(),1,1,0,NOW(),NOW());
INSERT INTO t_price_record (id,goods_id,goods_name,english_name,sku,old_price,new_price,discount,price_update_time,operator_id,operator_name,deleted,create_time,update_time) VALUES (9220,9020,'厨房用具20','Kitchen Tool 20','KIT-20-SKU-9020',140.00,130.00,0.9500,NOW(),2001,'user01',0,NOW(),NOW());
INSERT INTO t_stock (id,goods_id,goods_name,sku,warehouse_id,current_qty,lock_qty,price,price_update_time,status,version,deleted,create_time,update_time) VALUES (9121,9021,'厨房用具21','KIT-21-SKU-9021',7021,165,1,135.00,NOW(),1,1,0,NOW(),NOW());
INSERT INTO t_price_record (id,goods_id,goods_name,english_name,sku,old_price,new_price,discount,price_update_time,operator_id,operator_name,deleted,create_time,update_time) VALUES (9221,9021,'厨房用具21','Kitchen Tool 21','KIT-21-SKU-9021',145.00,135.00,0.9500,NOW(),2001,'user01',0,NOW(),NOW());
INSERT INTO t_stock (id,goods_id,goods_name,sku,warehouse_id,current_qty,lock_qty,price,price_update_time,status,version,deleted,create_time,update_time) VALUES (9122,9022,'厨房用具22','KIT-22-SKU-9022',7022,165,2,140.00,NOW(),1,1,0,NOW(),NOW());
INSERT INTO t_price_record (id,goods_id,goods_name,english_name,sku,old_price,new_price,discount,price_update_time,operator_id,operator_name,deleted,create_time,update_time) VALUES (9222,9022,'厨房用具22','Kitchen Tool 22','KIT-22-SKU-9022',150.00,140.00,0.9500,NOW(),2001,'user01',0,NOW(),NOW());
INSERT INTO t_stock (id,goods_id,goods_name,sku,warehouse_id,current_qty,lock_qty,price,price_update_time,status,version,deleted,create_time,update_time) VALUES (9123,9023,'厨房用具23','KIT-23-SKU-9023',7023,165,3,145.00,NOW(),1,1,0,NOW(),NOW());
INSERT INTO t_price_record (id,goods_id,goods_name,english_name,sku,old_price,new_price,discount,price_update_time,operator_id,operator_name,deleted,create_time,update_time) VALUES (9223,9023,'厨房用具23','Kitchen Tool 23','KIT-23-SKU-9023',155.00,145.00,0.9500,NOW(),2001,'user01',0,NOW(),NOW());
INSERT INTO t_stock (id,goods_id,goods_name,sku,warehouse_id,current_qty,lock_qty,price,price_update_time,status,version,deleted,create_time,update_time) VALUES (9124,9024,'厨房用具24','KIT-24-SKU-9024',7024,165,4,150.00,NOW(),1,1,0,NOW(),NOW());
INSERT INTO t_price_record (id,goods_id,goods_name,english_name,sku,old_price,new_price,discount,price_update_time,operator_id,operator_name,deleted,create_time,update_time) VALUES (9224,9024,'厨房用具24','Kitchen Tool 24','KIT-24-SKU-9024',160.00,150.00,0.9500,NOW(),2001,'user01',0,NOW(),NOW());
INSERT INTO t_stock (id,goods_id,goods_name,sku,warehouse_id,current_qty,lock_qty,price,price_update_time,status,version,deleted,create_time,update_time) VALUES (9125,9025,'厨房用具25','KIT-25-SKU-9025',7025,165,0,155.00,NOW(),1,1,0,NOW(),NOW());
INSERT INTO t_price_record (id,goods_id,goods_name,english_name,sku,old_price,new_price,discount,price_update_time,operator_id,operator_name,deleted,create_time,update_time) VALUES (9225,9025,'厨房用具25','Kitchen Tool 25','KIT-25-SKU-9025',165.00,155.00,0.9500,NOW(),2001,'user01',0,NOW(),NOW());
INSERT INTO t_stock (id,goods_id,goods_name,sku,warehouse_id,current_qty,lock_qty,price,price_update_time,status,version,deleted,create_time,update_time) VALUES (9126,9026,'厨房用具26','KIT-26-SKU-9026',7026,165,1,160.00,NOW(),1,1,0,NOW(),NOW());
INSERT INTO t_price_record (id,goods_id,goods_name,english_name,sku,old_price,new_price,discount,price_update_time,operator_id,operator_name,deleted,create_time,update_time) VALUES (9226,9026,'厨房用具26','Kitchen Tool 26','KIT-26-SKU-9026',170.00,160.00,0.9500,NOW(),2001,'user01',0,NOW(),NOW());
INSERT INTO t_stock (id,goods_id,goods_name,sku,warehouse_id,current_qty,lock_qty,price,price_update_time,status,version,deleted,create_time,update_time) VALUES (9127,9027,'厨房用具27','KIT-27-SKU-9027',7027,165,2,165.00,NOW(),1,1,0,NOW(),NOW());
INSERT INTO t_price_record (id,goods_id,goods_name,english_name,sku,old_price,new_price,discount,price_update_time,operator_id,operator_name,deleted,create_time,update_time) VALUES (9227,9027,'厨房用具27','Kitchen Tool 27','KIT-27-SKU-9027',175.00,165.00,0.9500,NOW(),2001,'user01',0,NOW(),NOW());
INSERT INTO t_stock (id,goods_id,goods_name,sku,warehouse_id,current_qty,lock_qty,price,price_update_time,status,version,deleted,create_time,update_time) VALUES (9128,9028,'厨房用具28','KIT-28-SKU-9028',7028,165,3,170.00,NOW(),1,1,0,NOW(),NOW());
INSERT INTO t_price_record (id,goods_id,goods_name,english_name,sku,old_price,new_price,discount,price_update_time,operator_id,operator_name,deleted,create_time,update_time) VALUES (9228,9028,'厨房用具28','Kitchen Tool 28','KIT-28-SKU-9028',180.00,170.00,0.9500,NOW(),2001,'user01',0,NOW(),NOW());
INSERT INTO t_stock (id,goods_id,goods_name,sku,warehouse_id,current_qty,lock_qty,price,price_update_time,status,version,deleted,create_time,update_time) VALUES (9129,9029,'厨房用具29','KIT-29-SKU-9029',7029,165,4,175.00,NOW(),1,1,0,NOW(),NOW());
INSERT INTO t_price_record (id,goods_id,goods_name,english_name,sku,old_price,new_price,discount,price_update_time,operator_id,operator_name,deleted,create_time,update_time) VALUES (9229,9029,'厨房用具29','Kitchen Tool 29','KIT-29-SKU-9029',185.00,175.00,0.9500,NOW(),2001,'user01',0,NOW(),NOW());
INSERT INTO t_stock (id,goods_id,goods_name,sku,warehouse_id,current_qty,lock_qty,price,price_update_time,status,version,deleted,create_time,update_time) VALUES (9130,9030,'厨房用具30','KIT-30-SKU-9030',7030,175,0,180.00,NOW(),1,1,0,NOW(),NOW());
INSERT INTO t_price_record (id,goods_id,goods_name,english_name,sku,old_price,new_price,discount,price_update_time,operator_id,operator_name,deleted,create_time,update_time) VALUES (9230,9030,'厨房用具30','Kitchen Tool 30','KIT-30-SKU-9030',190.00,180.00,0.9500,NOW(),2001,'user01',0,NOW(),NOW());
INSERT INTO t_customer_level (id,name,discount,remark,status,deleted,create_time,update_time) VALUES (1,'客户等级01',0.7100,'等级01',1,0,NOW(),NOW());
INSERT INTO t_customer (id,customer_code,name,english_name,contact_person,phone,email,country,city,address,level_id,remark,status,deleted,create_time,update_time) VALUES (9401,'CUS0001','客户01','Customer 01','联系人01','0312340001','c01@test.co','Japan','Tokyo','Address 01',1,NULL,1,0,NOW(),NOW());
INSERT INTO t_customer_level (id,name,discount,remark,status,deleted,create_time,update_time) VALUES (2,'客户等级02',0.7200,'等级02',1,0,NOW(),NOW());
INSERT INTO t_customer (id,customer_code,name,english_name,contact_person,phone,email,country,city,address,level_id,remark,status,deleted,create_time,update_time) VALUES (9402,'CUS0002','客户02','Customer 02','联系人02','0312340002','c02@test.co','Japan','Tokyo','Address 02',2,NULL,1,0,NOW(),NOW());
INSERT INTO t_customer_level (id,name,discount,remark,status,deleted,create_time,update_time) VALUES (3,'客户等级03',0.7300,'等级03',1,0,NOW(),NOW());
INSERT INTO t_customer (id,customer_code,name,english_name,contact_person,phone,email,country,city,address,level_id,remark,status,deleted,create_time,update_time) VALUES (9403,'CUS0003','客户03','Customer 03','联系人03','0312340003','c03@test.co','Japan','Tokyo','Address 03',3,NULL,1,0,NOW(),NOW());
INSERT INTO t_customer_level (id,name,discount,remark,status,deleted,create_time,update_time) VALUES (4,'客户等级04',0.7400,'等级04',1,0,NOW(),NOW());
INSERT INTO t_customer (id,customer_code,name,english_name,contact_person,phone,email,country,city,address,level_id,remark,status,deleted,create_time,update_time) VALUES (9404,'CUS0004','客户04','Customer 04','联系人04','0312340004','c04@test.co','Japan','Tokyo','Address 04',4,NULL,1,0,NOW(),NOW());
INSERT INTO t_customer_level (id,name,discount,remark,status,deleted,create_time,update_time) VALUES (5,'客户等级05',0.7500,'等级05',1,0,NOW(),NOW());
INSERT INTO t_customer (id,customer_code,name,english_name,contact_person,phone,email,country,city,address,level_id,remark,status,deleted,create_time,update_time) VALUES (9405,'CUS0005','客户05','Customer 05','联系人05','0312340005','c05@test.co','Japan','Tokyo','Address 05',5,NULL,1,0,NOW(),NOW());
INSERT INTO t_customer_level (id,name,discount,remark,status,deleted,create_time,update_time) VALUES (6,'客户等级06',0.7600,'等级06',1,0,NOW(),NOW());
INSERT INTO t_customer (id,customer_code,name,english_name,contact_person,phone,email,country,city,address,level_id,remark,status,deleted,create_time,update_time) VALUES (9406,'CUS0006','客户06','Customer 06','联系人06','0312340006','c06@test.co','Japan','Tokyo','Address 06',6,NULL,1,0,NOW(),NOW());
INSERT INTO t_customer_level (id,name,discount,remark,status,deleted,create_time,update_time) VALUES (7,'客户等级07',0.7700,'等级07',1,0,NOW(),NOW());
INSERT INTO t_customer (id,customer_code,name,english_name,contact_person,phone,email,country,city,address,level_id,remark,status,deleted,create_time,update_time) VALUES (9407,'CUS0007','客户07','Customer 07','联系人07','0312340007','c07@test.co','Japan','Tokyo','Address 07',7,NULL,1,0,NOW(),NOW());
INSERT INTO t_customer_level (id,name,discount,remark,status,deleted,create_time,update_time) VALUES (8,'客户等级08',0.7800,'等级08',1,0,NOW(),NOW());
INSERT INTO t_customer (id,customer_code,name,english_name,contact_person,phone,email,country,city,address,level_id,remark,status,deleted,create_time,update_time) VALUES (9408,'CUS0008','客户08','Customer 08','联系人08','0312340008','c08@test.co','Japan','Tokyo','Address 08',8,NULL,1,0,NOW(),NOW());
INSERT INTO t_customer_level (id,name,discount,remark,status,deleted,create_time,update_time) VALUES (9,'客户等级09',0.7900,'等级09',1,0,NOW(),NOW());
INSERT INTO t_customer (id,customer_code,name,english_name,contact_person,phone,email,country,city,address,level_id,remark,status,deleted,create_time,update_time) VALUES (9409,'CUS0009','客户09','Customer 09','联系人09','0312340009','c09@test.co','Japan','Tokyo','Address 09',9,NULL,1,0,NOW(),NOW());
INSERT INTO t_customer_level (id,name,discount,remark,status,deleted,create_time,update_time) VALUES (10,'客户等级10',0.8000,'等级10',1,0,NOW(),NOW());
INSERT INTO t_customer (id,customer_code,name,english_name,contact_person,phone,email,country,city,address,level_id,remark,status,deleted,create_time,update_time) VALUES (9410,'CUS0010','客户10','Customer 10','联系人10','0312340010','c10@test.co','Japan','Tokyo','Address 10',10,NULL,1,0,NOW(),NOW());
INSERT INTO t_customer_level (id,name,discount,remark,status,deleted,create_time,update_time) VALUES (11,'客户等级11',0.8100,'等级11',1,0,NOW(),NOW());
INSERT INTO t_customer (id,customer_code,name,english_name,contact_person,phone,email,country,city,address,level_id,remark,status,deleted,create_time,update_time) VALUES (9411,'CUS0011','客户11','Customer 11','联系人11','0312340011','c11@test.co','Japan','Tokyo','Address 11',11,NULL,1,0,NOW(),NOW());
INSERT INTO t_customer_level (id,name,discount,remark,status,deleted,create_time,update_time) VALUES (12,'客户等级12',0.8200,'等级12',1,0,NOW(),NOW());
INSERT INTO t_customer (id,customer_code,name,english_name,contact_person,phone,email,country,city,address,level_id,remark,status,deleted,create_time,update_time) VALUES (9412,'CUS0012','客户12','Customer 12','联系人12','0312340012','c12@test.co','Japan','Tokyo','Address 12',12,NULL,1,0,NOW(),NOW());
INSERT INTO t_customer_level (id,name,discount,remark,status,deleted,create_time,update_time) VALUES (13,'客户等级13',0.8300,'等级13',1,0,NOW(),NOW());
INSERT INTO t_customer (id,customer_code,name,english_name,contact_person,phone,email,country,city,address,level_id,remark,status,deleted,create_time,update_time) VALUES (9413,'CUS0013','客户13','Customer 13','联系人13','0312340013','c13@test.co','Japan','Tokyo','Address 13',13,NULL,1,0,NOW(),NOW());
INSERT INTO t_customer_level (id,name,discount,remark,status,deleted,create_time,update_time) VALUES (14,'客户等级14',0.8400,'等级14',1,0,NOW(),NOW());
INSERT INTO t_customer (id,customer_code,name,english_name,contact_person,phone,email,country,city,address,level_id,remark,status,deleted,create_time,update_time) VALUES (9414,'CUS0014','客户14','Customer 14','联系人14','0312340014','c14@test.co','Japan','Tokyo','Address 14',14,NULL,1,0,NOW(),NOW());
INSERT INTO t_customer_level (id,name,discount,remark,status,deleted,create_time,update_time) VALUES (15,'客户等级15',0.8500,'等级15',1,0,NOW(),NOW());
INSERT INTO t_customer (id,customer_code,name,english_name,contact_person,phone,email,country,city,address,level_id,remark,status,deleted,create_time,update_time) VALUES (9415,'CUS0015','客户15','Customer 15','联系人15','0312340015','c15@test.co','Japan','Tokyo','Address 15',15,NULL,1,0,NOW(),NOW());
INSERT INTO t_customer_level (id,name,discount,remark,status,deleted,create_time,update_time) VALUES (16,'客户等级16',0.8600,'等级16',1,0,NOW(),NOW());
INSERT INTO t_customer (id,customer_code,name,english_name,contact_person,phone,email,country,city,address,level_id,remark,status,deleted,create_time,update_time) VALUES (9416,'CUS0016','客户16','Customer 16','联系人16','0312340016','c16@test.co','Japan','Tokyo','Address 16',16,NULL,1,0,NOW(),NOW());
INSERT INTO t_customer_level (id,name,discount,remark,status,deleted,create_time,update_time) VALUES (17,'客户等级17',0.8700,'等级17',1,0,NOW(),NOW());
INSERT INTO t_customer (id,customer_code,name,english_name,contact_person,phone,email,country,city,address,level_id,remark,status,deleted,create_time,update_time) VALUES (9417,'CUS0017','客户17','Customer 17','联系人17','0312340017','c17@test.co','Japan','Tokyo','Address 17',17,NULL,1,0,NOW(),NOW());
INSERT INTO t_customer_level (id,name,discount,remark,status,deleted,create_time,update_time) VALUES (18,'客户等级18',0.8800,'等级18',1,0,NOW(),NOW());
INSERT INTO t_customer (id,customer_code,name,english_name,contact_person,phone,email,country,city,address,level_id,remark,status,deleted,create_time,update_time) VALUES (9418,'CUS0018','客户18','Customer 18','联系人18','0312340018','c18@test.co','Japan','Tokyo','Address 18',18,NULL,1,0,NOW(),NOW());
INSERT INTO t_customer_level (id,name,discount,remark,status,deleted,create_time,update_time) VALUES (19,'客户等级19',0.8900,'等级19',1,0,NOW(),NOW());
INSERT INTO t_customer (id,customer_code,name,english_name,contact_person,phone,email,country,city,address,level_id,remark,status,deleted,create_time,update_time) VALUES (9419,'CUS0019','客户19','Customer 19','联系人19','0312340019','c19@test.co','Japan','Tokyo','Address 19',19,NULL,1,0,NOW(),NOW());
INSERT INTO t_customer_level (id,name,discount,remark,status,deleted,create_time,update_time) VALUES (20,'客户等级20',0.9000,'等级20',1,0,NOW(),NOW());
INSERT INTO t_customer (id,customer_code,name,english_name,contact_person,phone,email,country,city,address,level_id,remark,status,deleted,create_time,update_time) VALUES (9420,'CUS0020','客户20','Customer 20','联系人20','0312340020','c20@test.co','Japan','Tokyo','Address 20',20,NULL,1,0,NOW(),NOW());
INSERT INTO t_customer_level (id,name,discount,remark,status,deleted,create_time,update_time) VALUES (21,'客户等级21',0.9100,'等级21',1,0,NOW(),NOW());
INSERT INTO t_customer (id,customer_code,name,english_name,contact_person,phone,email,country,city,address,level_id,remark,status,deleted,create_time,update_time) VALUES (9421,'CUS0021','客户21','Customer 21','联系人21','0312340021','c21@test.co','Japan','Tokyo','Address 21',21,NULL,1,0,NOW(),NOW());
INSERT INTO t_customer_level (id,name,discount,remark,status,deleted,create_time,update_time) VALUES (22,'客户等级22',0.9200,'等级22',1,0,NOW(),NOW());
INSERT INTO t_customer (id,customer_code,name,english_name,contact_person,phone,email,country,city,address,level_id,remark,status,deleted,create_time,update_time) VALUES (9422,'CUS0022','客户22','Customer 22','联系人22','0312340022','c22@test.co','Japan','Tokyo','Address 22',22,NULL,1,0,NOW(),NOW());
INSERT INTO t_customer_level (id,name,discount,remark,status,deleted,create_time,update_time) VALUES (23,'客户等级23',0.9300,'等级23',1,0,NOW(),NOW());
INSERT INTO t_customer (id,customer_code,name,english_name,contact_person,phone,email,country,city,address,level_id,remark,status,deleted,create_time,update_time) VALUES (9423,'CUS0023','客户23','Customer 23','联系人23','0312340023','c23@test.co','Japan','Tokyo','Address 23',23,NULL,1,0,NOW(),NOW());
INSERT INTO t_customer_level (id,name,discount,remark,status,deleted,create_time,update_time) VALUES (24,'客户等级24',0.9400,'等级24',1,0,NOW(),NOW());
INSERT INTO t_customer (id,customer_code,name,english_name,contact_person,phone,email,country,city,address,level_id,remark,status,deleted,create_time,update_time) VALUES (9424,'CUS0024','客户24','Customer 24','联系人24','0312340024','c24@test.co','Japan','Tokyo','Address 24',24,NULL,1,0,NOW(),NOW());
INSERT INTO t_customer_level (id,name,discount,remark,status,deleted,create_time,update_time) VALUES (25,'客户等级25',0.9500,'等级25',1,0,NOW(),NOW());
INSERT INTO t_customer (id,customer_code,name,english_name,contact_person,phone,email,country,city,address,level_id,remark,status,deleted,create_time,update_time) VALUES (9425,'CUS0025','客户25','Customer 25','联系人25','0312340025','c25@test.co','Japan','Tokyo','Address 25',25,NULL,1,0,NOW(),NOW());
INSERT INTO t_customer_level (id,name,discount,remark,status,deleted,create_time,update_time) VALUES (26,'客户等级26',0.9600,'等级26',1,0,NOW(),NOW());
INSERT INTO t_customer (id,customer_code,name,english_name,contact_person,phone,email,country,city,address,level_id,remark,status,deleted,create_time,update_time) VALUES (9426,'CUS0026','客户26','Customer 26','联系人26','0312340026','c26@test.co','Japan','Tokyo','Address 26',26,NULL,1,0,NOW(),NOW());
INSERT INTO t_customer_level (id,name,discount,remark,status,deleted,create_time,update_time) VALUES (27,'客户等级27',0.9700,'等级27',1,0,NOW(),NOW());
INSERT INTO t_customer (id,customer_code,name,english_name,contact_person,phone,email,country,city,address,level_id,remark,status,deleted,create_time,update_time) VALUES (9427,'CUS0027','客户27','Customer 27','联系人27','0312340027','c27@test.co','Japan','Tokyo','Address 27',27,NULL,1,0,NOW(),NOW());
INSERT INTO t_customer_level (id,name,discount,remark,status,deleted,create_time,update_time) VALUES (28,'客户等级28',0.9800,'等级28',1,0,NOW(),NOW());
INSERT INTO t_customer (id,customer_code,name,english_name,contact_person,phone,email,country,city,address,level_id,remark,status,deleted,create_time,update_time) VALUES (9428,'CUS0028','客户28','Customer 28','联系人28','0312340028','c28@test.co','Japan','Tokyo','Address 28',28,NULL,1,0,NOW(),NOW());
INSERT INTO t_customer_level (id,name,discount,remark,status,deleted,create_time,update_time) VALUES (29,'客户等级29',0.9900,'等级29',1,0,NOW(),NOW());
INSERT INTO t_customer (id,customer_code,name,english_name,contact_person,phone,email,country,city,address,level_id,remark,status,deleted,create_time,update_time) VALUES (9429,'CUS0029','客户29','Customer 29','联系人29','0312340029','c29@test.co','Japan','Tokyo','Address 29',29,NULL,1,0,NOW(),NOW());
INSERT INTO t_customer_level (id,name,discount,remark,status,deleted,create_time,update_time) VALUES (30,'客户等级30',0.7000,'等级30',1,0,NOW(),NOW());
INSERT INTO t_customer (id,customer_code,name,english_name,contact_person,phone,email,country,city,address,level_id,remark,status,deleted,create_time,update_time) VALUES (9430,'CUS0030','客户30','Customer 30','联系人30','0312340030','c30@test.co','Japan','Tokyo','Address 30',30,NULL,1,0,NOW(),NOW());
INSERT INTO t_request_form (id,biz_no,user_id,username,dept_id,dept_name,customer_id,customer_name,warehouse_id,total_qty,request_qty,state,approver_id,approve_name,approve_time,approve_remark,deleted,create_time,update_time) VALUES (9501,'REQ20260327001',2001,'user01',1001,'部门01',9401,'客户01',7001,6,6,2,2001,'user01',NOW(),'通过',0,NOW(),NOW());
INSERT INTO t_stock_order (id,order_no,type,warehouse_id,source_type,source_id,total_qty,state,requester_id,requester_name,operator_id,operator_name,remark,approver_id,approver_name,approve_time,finish_time,deleted,create_time,update_time) VALUES (9601,'SO20260327001',2,7001,3,9501,6,2,2001,'user01',2003,'user03','请求出库',2001,'user01',NOW(),NOW(),0,NOW(),NOW());
INSERT INTO t_stock_order_item (id,order_id,goods_id,sku,goods_name,english_name,brand_id,brand_name,series_id,series_name,type_id,type_name,maker_id,maker_name,before_qty,change_qty,after_qty,price,remark,deleted,create_time,update_time) VALUES (9701,9601,9001,'KIT-01-SKU-9001','厨房用具01','Kitchen Tool 01',8001,'品牌01',8201,'系列01',8101,'分类01',8301,'厂家01',151,-6,145,35.00,'测试出库',0,NOW(),NOW());
INSERT INTO t_stock_record (id,biz_no,order_id,order_item_id,stock_id,goods_id,sku,goods_name,english_name,brand_id,brand_name,series_id,series_name,type_id,type_name,maker_id,maker_name,warehouse_id,before_qty,change_qty,after_qty,type,source_type,price,price_update_time,customer_id,customer_name,requester_id,requester_name,operator_id,operator_name,remark,deleted,create_time,update_time) VALUES (9801,'BIZ20260327001',9601,9701,9101,9001,'KIT-01-SKU-9001','厨房用具01','Kitchen Tool 01',8001,'品牌01',8201,'系列01',8101,'分类01',8301,'厂家01',7001,151,-6,145,2,3,35.00,NOW(),9401,'客户01',2001,'user01',2003,'user03','请求出库流水',0,NOW(),NOW());
INSERT INTO t_request_item (id,request_id,goods_id,sku,goods_name,english_name,brand_id,brand_name,series_id,series_name,type_id,type_name,maker_id,maker_name,warehouse_id,price,discount,request_qty,approve_qty,out_qty,stock_record_id,remark,deleted,create_time,update_time) VALUES (9901,9501,9001,'KIT-01-SKU-9001','厨房用具01','Kitchen Tool 01',8001,'品牌01',8201,'系列01',8101,'分类01',8301,'厂家01',7001,35.00,0.9500,6,6,6,9801,'请求明细',0,NOW(),NOW());
INSERT INTO t_request_form (id,biz_no,user_id,username,dept_id,dept_name,customer_id,customer_name,warehouse_id,total_qty,request_qty,state,approver_id,approve_name,approve_time,approve_remark,deleted,create_time,update_time) VALUES (9502,'REQ20260327002',2002,'user02',1002,'部门02',9402,'客户02',7002,7,7,2,2001,'user01',NOW(),'通过',0,NOW(),NOW());
INSERT INTO t_stock_order (id,order_no,type,warehouse_id,source_type,source_id,total_qty,state,requester_id,requester_name,operator_id,operator_name,remark,approver_id,approver_name,approve_time,finish_time,deleted,create_time,update_time) VALUES (9602,'SO20260327002',2,7002,3,9502,7,2,2002,'user02',2003,'user03','请求出库',2001,'user01',NOW(),NOW(),0,NOW(),NOW());
INSERT INTO t_stock_order_item (id,order_id,goods_id,sku,goods_name,english_name,brand_id,brand_name,series_id,series_name,type_id,type_name,maker_id,maker_name,before_qty,change_qty,after_qty,price,remark,deleted,create_time,update_time) VALUES (9702,9602,9002,'KIT-02-SKU-9002','厨房用具02','Kitchen Tool 02',8002,'品牌02',8202,'系列02',8102,'分类02',8302,'厂家02',152,-7,145,40.00,'测试出库',0,NOW(),NOW());
INSERT INTO t_stock_record (id,biz_no,order_id,order_item_id,stock_id,goods_id,sku,goods_name,english_name,brand_id,brand_name,series_id,series_name,type_id,type_name,maker_id,maker_name,warehouse_id,before_qty,change_qty,after_qty,type,source_type,price,price_update_time,customer_id,customer_name,requester_id,requester_name,operator_id,operator_name,remark,deleted,create_time,update_time) VALUES (9802,'BIZ20260327002',9602,9702,9102,9002,'KIT-02-SKU-9002','厨房用具02','Kitchen Tool 02',8002,'品牌02',8202,'系列02',8102,'分类02',8302,'厂家02',7002,152,-7,145,2,3,40.00,NOW(),9402,'客户02',2002,'user02',2003,'user03','请求出库流水',0,NOW(),NOW());
INSERT INTO t_request_item (id,request_id,goods_id,sku,goods_name,english_name,brand_id,brand_name,series_id,series_name,type_id,type_name,maker_id,maker_name,warehouse_id,price,discount,request_qty,approve_qty,out_qty,stock_record_id,remark,deleted,create_time,update_time) VALUES (9902,9502,9002,'KIT-02-SKU-9002','厨房用具02','Kitchen Tool 02',8002,'品牌02',8202,'系列02',8102,'分类02',8302,'厂家02',7002,40.00,0.9500,7,7,7,9802,'请求明细',0,NOW(),NOW());
INSERT INTO t_request_form (id,biz_no,user_id,username,dept_id,dept_name,customer_id,customer_name,warehouse_id,total_qty,request_qty,state,approver_id,approve_name,approve_time,approve_remark,deleted,create_time,update_time) VALUES (9503,'REQ20260327003',2003,'user03',1003,'部门03',9403,'客户03',7003,8,8,2,2001,'user01',NOW(),'通过',0,NOW(),NOW());
INSERT INTO t_stock_order (id,order_no,type,warehouse_id,source_type,source_id,total_qty,state,requester_id,requester_name,operator_id,operator_name,remark,approver_id,approver_name,approve_time,finish_time,deleted,create_time,update_time) VALUES (9603,'SO20260327003',2,7003,3,9503,8,2,2003,'user03',2003,'user03','请求出库',2001,'user01',NOW(),NOW(),0,NOW(),NOW());
INSERT INTO t_stock_order_item (id,order_id,goods_id,sku,goods_name,english_name,brand_id,brand_name,series_id,series_name,type_id,type_name,maker_id,maker_name,before_qty,change_qty,after_qty,price,remark,deleted,create_time,update_time) VALUES (9703,9603,9003,'KIT-03-SKU-9003','厨房用具03','Kitchen Tool 03',8003,'品牌03',8203,'系列03',8103,'分类03',8303,'厂家03',153,-8,145,45.00,'测试出库',0,NOW(),NOW());
INSERT INTO t_stock_record (id,biz_no,order_id,order_item_id,stock_id,goods_id,sku,goods_name,english_name,brand_id,brand_name,series_id,series_name,type_id,type_name,maker_id,maker_name,warehouse_id,before_qty,change_qty,after_qty,type,source_type,price,price_update_time,customer_id,customer_name,requester_id,requester_name,operator_id,operator_name,remark,deleted,create_time,update_time) VALUES (9803,'BIZ20260327003',9603,9703,9103,9003,'KIT-03-SKU-9003','厨房用具03','Kitchen Tool 03',8003,'品牌03',8203,'系列03',8103,'分类03',8303,'厂家03',7003,153,-8,145,2,3,45.00,NOW(),9403,'客户03',2003,'user03',2003,'user03','请求出库流水',0,NOW(),NOW());
INSERT INTO t_request_item (id,request_id,goods_id,sku,goods_name,english_name,brand_id,brand_name,series_id,series_name,type_id,type_name,maker_id,maker_name,warehouse_id,price,discount,request_qty,approve_qty,out_qty,stock_record_id,remark,deleted,create_time,update_time) VALUES (9903,9503,9003,'KIT-03-SKU-9003','厨房用具03','Kitchen Tool 03',8003,'品牌03',8203,'系列03',8103,'分类03',8303,'厂家03',7003,45.00,0.9500,8,8,8,9803,'请求明细',0,NOW(),NOW());
INSERT INTO t_request_form (id,biz_no,user_id,username,dept_id,dept_name,customer_id,customer_name,warehouse_id,total_qty,request_qty,state,approver_id,approve_name,approve_time,approve_remark,deleted,create_time,update_time) VALUES (9504,'REQ20260327004',2004,'user04',1004,'部门04',9404,'客户04',7004,9,9,2,2001,'user01',NOW(),'通过',0,NOW(),NOW());
INSERT INTO t_stock_order (id,order_no,type,warehouse_id,source_type,source_id,total_qty,state,requester_id,requester_name,operator_id,operator_name,remark,approver_id,approver_name,approve_time,finish_time,deleted,create_time,update_time) VALUES (9604,'SO20260327004',2,7004,3,9504,9,2,2004,'user04',2003,'user03','请求出库',2001,'user01',NOW(),NOW(),0,NOW(),NOW());
INSERT INTO t_stock_order_item (id,order_id,goods_id,sku,goods_name,english_name,brand_id,brand_name,series_id,series_name,type_id,type_name,maker_id,maker_name,before_qty,change_qty,after_qty,price,remark,deleted,create_time,update_time) VALUES (9704,9604,9004,'KIT-04-SKU-9004','厨房用具04','Kitchen Tool 04',8004,'品牌04',8204,'系列04',8104,'分类04',8304,'厂家04',154,-9,145,50.00,'测试出库',0,NOW(),NOW());
INSERT INTO t_stock_record (id,biz_no,order_id,order_item_id,stock_id,goods_id,sku,goods_name,english_name,brand_id,brand_name,series_id,series_name,type_id,type_name,maker_id,maker_name,warehouse_id,before_qty,change_qty,after_qty,type,source_type,price,price_update_time,customer_id,customer_name,requester_id,requester_name,operator_id,operator_name,remark,deleted,create_time,update_time) VALUES (9804,'BIZ20260327004',9604,9704,9104,9004,'KIT-04-SKU-9004','厨房用具04','Kitchen Tool 04',8004,'品牌04',8204,'系列04',8104,'分类04',8304,'厂家04',7004,154,-9,145,2,3,50.00,NOW(),9404,'客户04',2004,'user04',2003,'user03','请求出库流水',0,NOW(),NOW());
INSERT INTO t_request_item (id,request_id,goods_id,sku,goods_name,english_name,brand_id,brand_name,series_id,series_name,type_id,type_name,maker_id,maker_name,warehouse_id,price,discount,request_qty,approve_qty,out_qty,stock_record_id,remark,deleted,create_time,update_time) VALUES (9904,9504,9004,'KIT-04-SKU-9004','厨房用具04','Kitchen Tool 04',8004,'品牌04',8204,'系列04',8104,'分类04',8304,'厂家04',7004,50.00,0.9500,9,9,9,9804,'请求明细',0,NOW(),NOW());
INSERT INTO t_request_form (id,biz_no,user_id,username,dept_id,dept_name,customer_id,customer_name,warehouse_id,total_qty,request_qty,state,approver_id,approve_name,approve_time,approve_remark,deleted,create_time,update_time) VALUES (9505,'REQ20260327005',2005,'user05',1005,'部门05',9405,'客户05',7005,10,10,2,2001,'user01',NOW(),'通过',0,NOW(),NOW());
INSERT INTO t_stock_order (id,order_no,type,warehouse_id,source_type,source_id,total_qty,state,requester_id,requester_name,operator_id,operator_name,remark,approver_id,approver_name,approve_time,finish_time,deleted,create_time,update_time) VALUES (9605,'SO20260327005',2,7005,3,9505,10,2,2005,'user05',2003,'user03','请求出库',2001,'user01',NOW(),NOW(),0,NOW(),NOW());
INSERT INTO t_stock_order_item (id,order_id,goods_id,sku,goods_name,english_name,brand_id,brand_name,series_id,series_name,type_id,type_name,maker_id,maker_name,before_qty,change_qty,after_qty,price,remark,deleted,create_time,update_time) VALUES (9705,9605,9005,'KIT-05-SKU-9005','厨房用具05','Kitchen Tool 05',8005,'品牌05',8205,'系列05',8105,'分类05',8305,'厂家05',155,-10,145,55.00,'测试出库',0,NOW(),NOW());
INSERT INTO t_stock_record (id,biz_no,order_id,order_item_id,stock_id,goods_id,sku,goods_name,english_name,brand_id,brand_name,series_id,series_name,type_id,type_name,maker_id,maker_name,warehouse_id,before_qty,change_qty,after_qty,type,source_type,price,price_update_time,customer_id,customer_name,requester_id,requester_name,operator_id,operator_name,remark,deleted,create_time,update_time) VALUES (9805,'BIZ20260327005',9605,9705,9105,9005,'KIT-05-SKU-9005','厨房用具05','Kitchen Tool 05',8005,'品牌05',8205,'系列05',8105,'分类05',8305,'厂家05',7005,155,-10,145,2,3,55.00,NOW(),9405,'客户05',2005,'user05',2003,'user03','请求出库流水',0,NOW(),NOW());
INSERT INTO t_request_item (id,request_id,goods_id,sku,goods_name,english_name,brand_id,brand_name,series_id,series_name,type_id,type_name,maker_id,maker_name,warehouse_id,price,discount,request_qty,approve_qty,out_qty,stock_record_id,remark,deleted,create_time,update_time) VALUES (9905,9505,9005,'KIT-05-SKU-9005','厨房用具05','Kitchen Tool 05',8005,'品牌05',8205,'系列05',8105,'分类05',8305,'厂家05',7005,55.00,0.9500,10,10,10,9805,'请求明细',0,NOW(),NOW());
INSERT INTO t_request_form (id,biz_no,user_id,username,dept_id,dept_name,customer_id,customer_name,warehouse_id,total_qty,request_qty,state,approver_id,approve_name,approve_time,approve_remark,deleted,create_time,update_time) VALUES (9506,'REQ20260327006',2006,'user06',1006,'部门06',9406,'客户06',7006,11,11,2,2001,'user01',NOW(),'通过',0,NOW(),NOW());
INSERT INTO t_stock_order (id,order_no,type,warehouse_id,source_type,source_id,total_qty,state,requester_id,requester_name,operator_id,operator_name,remark,approver_id,approver_name,approve_time,finish_time,deleted,create_time,update_time) VALUES (9606,'SO20260327006',2,7006,3,9506,11,2,2006,'user06',2003,'user03','请求出库',2001,'user01',NOW(),NOW(),0,NOW(),NOW());
INSERT INTO t_stock_order_item (id,order_id,goods_id,sku,goods_name,english_name,brand_id,brand_name,series_id,series_name,type_id,type_name,maker_id,maker_name,before_qty,change_qty,after_qty,price,remark,deleted,create_time,update_time) VALUES (9706,9606,9006,'KIT-06-SKU-9006','厨房用具06','Kitchen Tool 06',8006,'品牌06',8206,'系列06',8106,'分类06',8306,'厂家06',156,-11,145,60.00,'测试出库',0,NOW(),NOW());
INSERT INTO t_stock_record (id,biz_no,order_id,order_item_id,stock_id,goods_id,sku,goods_name,english_name,brand_id,brand_name,series_id,series_name,type_id,type_name,maker_id,maker_name,warehouse_id,before_qty,change_qty,after_qty,type,source_type,price,price_update_time,customer_id,customer_name,requester_id,requester_name,operator_id,operator_name,remark,deleted,create_time,update_time) VALUES (9806,'BIZ20260327006',9606,9706,9106,9006,'KIT-06-SKU-9006','厨房用具06','Kitchen Tool 06',8006,'品牌06',8206,'系列06',8106,'分类06',8306,'厂家06',7006,156,-11,145,2,3,60.00,NOW(),9406,'客户06',2006,'user06',2003,'user03','请求出库流水',0,NOW(),NOW());
INSERT INTO t_request_item (id,request_id,goods_id,sku,goods_name,english_name,brand_id,brand_name,series_id,series_name,type_id,type_name,maker_id,maker_name,warehouse_id,price,discount,request_qty,approve_qty,out_qty,stock_record_id,remark,deleted,create_time,update_time) VALUES (9906,9506,9006,'KIT-06-SKU-9006','厨房用具06','Kitchen Tool 06',8006,'品牌06',8206,'系列06',8106,'分类06',8306,'厂家06',7006,60.00,0.9500,11,11,11,9806,'请求明细',0,NOW(),NOW());
INSERT INTO t_request_form (id,biz_no,user_id,username,dept_id,dept_name,customer_id,customer_name,warehouse_id,total_qty,request_qty,state,approver_id,approve_name,approve_time,approve_remark,deleted,create_time,update_time) VALUES (9507,'REQ20260327007',2007,'user07',1007,'部门07',9407,'客户07',7007,12,12,2,2001,'user01',NOW(),'通过',0,NOW(),NOW());
INSERT INTO t_stock_order (id,order_no,type,warehouse_id,source_type,source_id,total_qty,state,requester_id,requester_name,operator_id,operator_name,remark,approver_id,approver_name,approve_time,finish_time,deleted,create_time,update_time) VALUES (9607,'SO20260327007',2,7007,3,9507,12,2,2007,'user07',2003,'user03','请求出库',2001,'user01',NOW(),NOW(),0,NOW(),NOW());
INSERT INTO t_stock_order_item (id,order_id,goods_id,sku,goods_name,english_name,brand_id,brand_name,series_id,series_name,type_id,type_name,maker_id,maker_name,before_qty,change_qty,after_qty,price,remark,deleted,create_time,update_time) VALUES (9707,9607,9007,'KIT-07-SKU-9007','厨房用具07','Kitchen Tool 07',8007,'品牌07',8207,'系列07',8107,'分类07',8307,'厂家07',157,-12,145,65.00,'测试出库',0,NOW(),NOW());
INSERT INTO t_stock_record (id,biz_no,order_id,order_item_id,stock_id,goods_id,sku,goods_name,english_name,brand_id,brand_name,series_id,series_name,type_id,type_name,maker_id,maker_name,warehouse_id,before_qty,change_qty,after_qty,type,source_type,price,price_update_time,customer_id,customer_name,requester_id,requester_name,operator_id,operator_name,remark,deleted,create_time,update_time) VALUES (9807,'BIZ20260327007',9607,9707,9107,9007,'KIT-07-SKU-9007','厨房用具07','Kitchen Tool 07',8007,'品牌07',8207,'系列07',8107,'分类07',8307,'厂家07',7007,157,-12,145,2,3,65.00,NOW(),9407,'客户07',2007,'user07',2003,'user03','请求出库流水',0,NOW(),NOW());
INSERT INTO t_request_item (id,request_id,goods_id,sku,goods_name,english_name,brand_id,brand_name,series_id,series_name,type_id,type_name,maker_id,maker_name,warehouse_id,price,discount,request_qty,approve_qty,out_qty,stock_record_id,remark,deleted,create_time,update_time) VALUES (9907,9507,9007,'KIT-07-SKU-9007','厨房用具07','Kitchen Tool 07',8007,'品牌07',8207,'系列07',8107,'分类07',8307,'厂家07',7007,65.00,0.9500,12,12,12,9807,'请求明细',0,NOW(),NOW());
INSERT INTO t_request_form (id,biz_no,user_id,username,dept_id,dept_name,customer_id,customer_name,warehouse_id,total_qty,request_qty,state,approver_id,approve_name,approve_time,approve_remark,deleted,create_time,update_time) VALUES (9508,'REQ20260327008',2008,'user08',1008,'部门08',9408,'客户08',7008,13,13,2,2001,'user01',NOW(),'通过',0,NOW(),NOW());
INSERT INTO t_stock_order (id,order_no,type,warehouse_id,source_type,source_id,total_qty,state,requester_id,requester_name,operator_id,operator_name,remark,approver_id,approver_name,approve_time,finish_time,deleted,create_time,update_time) VALUES (9608,'SO20260327008',2,7008,3,9508,13,2,2008,'user08',2003,'user03','请求出库',2001,'user01',NOW(),NOW(),0,NOW(),NOW());
INSERT INTO t_stock_order_item (id,order_id,goods_id,sku,goods_name,english_name,brand_id,brand_name,series_id,series_name,type_id,type_name,maker_id,maker_name,before_qty,change_qty,after_qty,price,remark,deleted,create_time,update_time) VALUES (9708,9608,9008,'KIT-08-SKU-9008','厨房用具08','Kitchen Tool 08',8008,'品牌08',8208,'系列08',8108,'分类08',8308,'厂家08',158,-13,145,70.00,'测试出库',0,NOW(),NOW());
INSERT INTO t_stock_record (id,biz_no,order_id,order_item_id,stock_id,goods_id,sku,goods_name,english_name,brand_id,brand_name,series_id,series_name,type_id,type_name,maker_id,maker_name,warehouse_id,before_qty,change_qty,after_qty,type,source_type,price,price_update_time,customer_id,customer_name,requester_id,requester_name,operator_id,operator_name,remark,deleted,create_time,update_time) VALUES (9808,'BIZ20260327008',9608,9708,9108,9008,'KIT-08-SKU-9008','厨房用具08','Kitchen Tool 08',8008,'品牌08',8208,'系列08',8108,'分类08',8308,'厂家08',7008,158,-13,145,2,3,70.00,NOW(),9408,'客户08',2008,'user08',2003,'user03','请求出库流水',0,NOW(),NOW());
INSERT INTO t_request_item (id,request_id,goods_id,sku,goods_name,english_name,brand_id,brand_name,series_id,series_name,type_id,type_name,maker_id,maker_name,warehouse_id,price,discount,request_qty,approve_qty,out_qty,stock_record_id,remark,deleted,create_time,update_time) VALUES (9908,9508,9008,'KIT-08-SKU-9008','厨房用具08','Kitchen Tool 08',8008,'品牌08',8208,'系列08',8108,'分类08',8308,'厂家08',7008,70.00,0.9500,13,13,13,9808,'请求明细',0,NOW(),NOW());
INSERT INTO t_request_form (id,biz_no,user_id,username,dept_id,dept_name,customer_id,customer_name,warehouse_id,total_qty,request_qty,state,approver_id,approve_name,approve_time,approve_remark,deleted,create_time,update_time) VALUES (9509,'REQ20260327009',2009,'user09',1009,'部门09',9409,'客户09',7009,14,14,2,2001,'user01',NOW(),'通过',0,NOW(),NOW());
INSERT INTO t_stock_order (id,order_no,type,warehouse_id,source_type,source_id,total_qty,state,requester_id,requester_name,operator_id,operator_name,remark,approver_id,approver_name,approve_time,finish_time,deleted,create_time,update_time) VALUES (9609,'SO20260327009',2,7009,3,9509,14,2,2009,'user09',2003,'user03','请求出库',2001,'user01',NOW(),NOW(),0,NOW(),NOW());
INSERT INTO t_stock_order_item (id,order_id,goods_id,sku,goods_name,english_name,brand_id,brand_name,series_id,series_name,type_id,type_name,maker_id,maker_name,before_qty,change_qty,after_qty,price,remark,deleted,create_time,update_time) VALUES (9709,9609,9009,'KIT-09-SKU-9009','厨房用具09','Kitchen Tool 09',8009,'品牌09',8209,'系列09',8109,'分类09',8309,'厂家09',159,-14,145,75.00,'测试出库',0,NOW(),NOW());
INSERT INTO t_stock_record (id,biz_no,order_id,order_item_id,stock_id,goods_id,sku,goods_name,english_name,brand_id,brand_name,series_id,series_name,type_id,type_name,maker_id,maker_name,warehouse_id,before_qty,change_qty,after_qty,type,source_type,price,price_update_time,customer_id,customer_name,requester_id,requester_name,operator_id,operator_name,remark,deleted,create_time,update_time) VALUES (9809,'BIZ20260327009',9609,9709,9109,9009,'KIT-09-SKU-9009','厨房用具09','Kitchen Tool 09',8009,'品牌09',8209,'系列09',8109,'分类09',8309,'厂家09',7009,159,-14,145,2,3,75.00,NOW(),9409,'客户09',2009,'user09',2003,'user03','请求出库流水',0,NOW(),NOW());
INSERT INTO t_request_item (id,request_id,goods_id,sku,goods_name,english_name,brand_id,brand_name,series_id,series_name,type_id,type_name,maker_id,maker_name,warehouse_id,price,discount,request_qty,approve_qty,out_qty,stock_record_id,remark,deleted,create_time,update_time) VALUES (9909,9509,9009,'KIT-09-SKU-9009','厨房用具09','Kitchen Tool 09',8009,'品牌09',8209,'系列09',8109,'分类09',8309,'厂家09',7009,75.00,0.9500,14,14,14,9809,'请求明细',0,NOW(),NOW());
INSERT INTO t_request_form (id,biz_no,user_id,username,dept_id,dept_name,customer_id,customer_name,warehouse_id,total_qty,request_qty,state,approver_id,approve_name,approve_time,approve_remark,deleted,create_time,update_time) VALUES (9510,'REQ20260327010',2010,'user10',1010,'部门10',9410,'客户10',7010,5,5,2,2001,'user01',NOW(),'通过',0,NOW(),NOW());
INSERT INTO t_stock_order (id,order_no,type,warehouse_id,source_type,source_id,total_qty,state,requester_id,requester_name,operator_id,operator_name,remark,approver_id,approver_name,approve_time,finish_time,deleted,create_time,update_time) VALUES (9610,'SO20260327010',2,7010,3,9510,5,2,2010,'user10',2003,'user03','请求出库',2001,'user01',NOW(),NOW(),0,NOW(),NOW());
INSERT INTO t_stock_order_item (id,order_id,goods_id,sku,goods_name,english_name,brand_id,brand_name,series_id,series_name,type_id,type_name,maker_id,maker_name,before_qty,change_qty,after_qty,price,remark,deleted,create_time,update_time) VALUES (9710,9610,9010,'KIT-10-SKU-9010','厨房用具10','Kitchen Tool 10',8010,'品牌10',8210,'系列10',8110,'分类10',8310,'厂家10',160,-5,155,80.00,'测试出库',0,NOW(),NOW());
INSERT INTO t_stock_record (id,biz_no,order_id,order_item_id,stock_id,goods_id,sku,goods_name,english_name,brand_id,brand_name,series_id,series_name,type_id,type_name,maker_id,maker_name,warehouse_id,before_qty,change_qty,after_qty,type,source_type,price,price_update_time,customer_id,customer_name,requester_id,requester_name,operator_id,operator_name,remark,deleted,create_time,update_time) VALUES (9810,'BIZ20260327010',9610,9710,9110,9010,'KIT-10-SKU-9010','厨房用具10','Kitchen Tool 10',8010,'品牌10',8210,'系列10',8110,'分类10',8310,'厂家10',7010,160,-5,155,2,3,80.00,NOW(),9410,'客户10',2010,'user10',2003,'user03','请求出库流水',0,NOW(),NOW());
INSERT INTO t_request_item (id,request_id,goods_id,sku,goods_name,english_name,brand_id,brand_name,series_id,series_name,type_id,type_name,maker_id,maker_name,warehouse_id,price,discount,request_qty,approve_qty,out_qty,stock_record_id,remark,deleted,create_time,update_time) VALUES (9910,9510,9010,'KIT-10-SKU-9010','厨房用具10','Kitchen Tool 10',8010,'品牌10',8210,'系列10',8110,'分类10',8310,'厂家10',7010,80.00,0.9500,5,5,5,9810,'请求明细',0,NOW(),NOW());
INSERT INTO t_request_form (id,biz_no,user_id,username,dept_id,dept_name,customer_id,customer_name,warehouse_id,total_qty,request_qty,state,approver_id,approve_name,approve_time,approve_remark,deleted,create_time,update_time) VALUES (9511,'REQ20260327011',2011,'user11',1011,'部门11',9411,'客户11',7011,6,6,2,2001,'user01',NOW(),'通过',0,NOW(),NOW());
INSERT INTO t_stock_order (id,order_no,type,warehouse_id,source_type,source_id,total_qty,state,requester_id,requester_name,operator_id,operator_name,remark,approver_id,approver_name,approve_time,finish_time,deleted,create_time,update_time) VALUES (9611,'SO20260327011',2,7011,3,9511,6,2,2011,'user11',2003,'user03','请求出库',2001,'user01',NOW(),NOW(),0,NOW(),NOW());
INSERT INTO t_stock_order_item (id,order_id,goods_id,sku,goods_name,english_name,brand_id,brand_name,series_id,series_name,type_id,type_name,maker_id,maker_name,before_qty,change_qty,after_qty,price,remark,deleted,create_time,update_time) VALUES (9711,9611,9011,'KIT-11-SKU-9011','厨房用具11','Kitchen Tool 11',8011,'品牌11',8211,'系列11',8111,'分类11',8311,'厂家11',161,-6,155,85.00,'测试出库',0,NOW(),NOW());
INSERT INTO t_stock_record (id,biz_no,order_id,order_item_id,stock_id,goods_id,sku,goods_name,english_name,brand_id,brand_name,series_id,series_name,type_id,type_name,maker_id,maker_name,warehouse_id,before_qty,change_qty,after_qty,type,source_type,price,price_update_time,customer_id,customer_name,requester_id,requester_name,operator_id,operator_name,remark,deleted,create_time,update_time) VALUES (9811,'BIZ20260327011',9611,9711,9111,9011,'KIT-11-SKU-9011','厨房用具11','Kitchen Tool 11',8011,'品牌11',8211,'系列11',8111,'分类11',8311,'厂家11',7011,161,-6,155,2,3,85.00,NOW(),9411,'客户11',2011,'user11',2003,'user03','请求出库流水',0,NOW(),NOW());
INSERT INTO t_request_item (id,request_id,goods_id,sku,goods_name,english_name,brand_id,brand_name,series_id,series_name,type_id,type_name,maker_id,maker_name,warehouse_id,price,discount,request_qty,approve_qty,out_qty,stock_record_id,remark,deleted,create_time,update_time) VALUES (9911,9511,9011,'KIT-11-SKU-9011','厨房用具11','Kitchen Tool 11',8011,'品牌11',8211,'系列11',8111,'分类11',8311,'厂家11',7011,85.00,0.9500,6,6,6,9811,'请求明细',0,NOW(),NOW());
INSERT INTO t_request_form (id,biz_no,user_id,username,dept_id,dept_name,customer_id,customer_name,warehouse_id,total_qty,request_qty,state,approver_id,approve_name,approve_time,approve_remark,deleted,create_time,update_time) VALUES (9512,'REQ20260327012',2012,'user12',1012,'部门12',9412,'客户12',7012,7,7,2,2001,'user01',NOW(),'通过',0,NOW(),NOW());
INSERT INTO t_stock_order (id,order_no,type,warehouse_id,source_type,source_id,total_qty,state,requester_id,requester_name,operator_id,operator_name,remark,approver_id,approver_name,approve_time,finish_time,deleted,create_time,update_time) VALUES (9612,'SO20260327012',2,7012,3,9512,7,2,2012,'user12',2003,'user03','请求出库',2001,'user01',NOW(),NOW(),0,NOW(),NOW());
INSERT INTO t_stock_order_item (id,order_id,goods_id,sku,goods_name,english_name,brand_id,brand_name,series_id,series_name,type_id,type_name,maker_id,maker_name,before_qty,change_qty,after_qty,price,remark,deleted,create_time,update_time) VALUES (9712,9612,9012,'KIT-12-SKU-9012','厨房用具12','Kitchen Tool 12',8012,'品牌12',8212,'系列12',8112,'分类12',8312,'厂家12',162,-7,155,90.00,'测试出库',0,NOW(),NOW());
INSERT INTO t_stock_record (id,biz_no,order_id,order_item_id,stock_id,goods_id,sku,goods_name,english_name,brand_id,brand_name,series_id,series_name,type_id,type_name,maker_id,maker_name,warehouse_id,before_qty,change_qty,after_qty,type,source_type,price,price_update_time,customer_id,customer_name,requester_id,requester_name,operator_id,operator_name,remark,deleted,create_time,update_time) VALUES (9812,'BIZ20260327012',9612,9712,9112,9012,'KIT-12-SKU-9012','厨房用具12','Kitchen Tool 12',8012,'品牌12',8212,'系列12',8112,'分类12',8312,'厂家12',7012,162,-7,155,2,3,90.00,NOW(),9412,'客户12',2012,'user12',2003,'user03','请求出库流水',0,NOW(),NOW());
INSERT INTO t_request_item (id,request_id,goods_id,sku,goods_name,english_name,brand_id,brand_name,series_id,series_name,type_id,type_name,maker_id,maker_name,warehouse_id,price,discount,request_qty,approve_qty,out_qty,stock_record_id,remark,deleted,create_time,update_time) VALUES (9912,9512,9012,'KIT-12-SKU-9012','厨房用具12','Kitchen Tool 12',8012,'品牌12',8212,'系列12',8112,'分类12',8312,'厂家12',7012,90.00,0.9500,7,7,7,9812,'请求明细',0,NOW(),NOW());
INSERT INTO t_request_form (id,biz_no,user_id,username,dept_id,dept_name,customer_id,customer_name,warehouse_id,total_qty,request_qty,state,approver_id,approve_name,approve_time,approve_remark,deleted,create_time,update_time) VALUES (9513,'REQ20260327013',2013,'user13',1013,'部门13',9413,'客户13',7013,8,8,2,2001,'user01',NOW(),'通过',0,NOW(),NOW());
INSERT INTO t_stock_order (id,order_no,type,warehouse_id,source_type,source_id,total_qty,state,requester_id,requester_name,operator_id,operator_name,remark,approver_id,approver_name,approve_time,finish_time,deleted,create_time,update_time) VALUES (9613,'SO20260327013',2,7013,3,9513,8,2,2013,'user13',2003,'user03','请求出库',2001,'user01',NOW(),NOW(),0,NOW(),NOW());
INSERT INTO t_stock_order_item (id,order_id,goods_id,sku,goods_name,english_name,brand_id,brand_name,series_id,series_name,type_id,type_name,maker_id,maker_name,before_qty,change_qty,after_qty,price,remark,deleted,create_time,update_time) VALUES (9713,9613,9013,'KIT-13-SKU-9013','厨房用具13','Kitchen Tool 13',8013,'品牌13',8213,'系列13',8113,'分类13',8313,'厂家13',163,-8,155,95.00,'测试出库',0,NOW(),NOW());
INSERT INTO t_stock_record (id,biz_no,order_id,order_item_id,stock_id,goods_id,sku,goods_name,english_name,brand_id,brand_name,series_id,series_name,type_id,type_name,maker_id,maker_name,warehouse_id,before_qty,change_qty,after_qty,type,source_type,price,price_update_time,customer_id,customer_name,requester_id,requester_name,operator_id,operator_name,remark,deleted,create_time,update_time) VALUES (9813,'BIZ20260327013',9613,9713,9113,9013,'KIT-13-SKU-9013','厨房用具13','Kitchen Tool 13',8013,'品牌13',8213,'系列13',8113,'分类13',8313,'厂家13',7013,163,-8,155,2,3,95.00,NOW(),9413,'客户13',2013,'user13',2003,'user03','请求出库流水',0,NOW(),NOW());
INSERT INTO t_request_item (id,request_id,goods_id,sku,goods_name,english_name,brand_id,brand_name,series_id,series_name,type_id,type_name,maker_id,maker_name,warehouse_id,price,discount,request_qty,approve_qty,out_qty,stock_record_id,remark,deleted,create_time,update_time) VALUES (9913,9513,9013,'KIT-13-SKU-9013','厨房用具13','Kitchen Tool 13',8013,'品牌13',8213,'系列13',8113,'分类13',8313,'厂家13',7013,95.00,0.9500,8,8,8,9813,'请求明细',0,NOW(),NOW());
INSERT INTO t_request_form (id,biz_no,user_id,username,dept_id,dept_name,customer_id,customer_name,warehouse_id,total_qty,request_qty,state,approver_id,approve_name,approve_time,approve_remark,deleted,create_time,update_time) VALUES (9514,'REQ20260327014',2014,'user14',1014,'部门14',9414,'客户14',7014,9,9,2,2001,'user01',NOW(),'通过',0,NOW(),NOW());
INSERT INTO t_stock_order (id,order_no,type,warehouse_id,source_type,source_id,total_qty,state,requester_id,requester_name,operator_id,operator_name,remark,approver_id,approver_name,approve_time,finish_time,deleted,create_time,update_time) VALUES (9614,'SO20260327014',2,7014,3,9514,9,2,2014,'user14',2003,'user03','请求出库',2001,'user01',NOW(),NOW(),0,NOW(),NOW());
INSERT INTO t_stock_order_item (id,order_id,goods_id,sku,goods_name,english_name,brand_id,brand_name,series_id,series_name,type_id,type_name,maker_id,maker_name,before_qty,change_qty,after_qty,price,remark,deleted,create_time,update_time) VALUES (9714,9614,9014,'KIT-14-SKU-9014','厨房用具14','Kitchen Tool 14',8014,'品牌14',8214,'系列14',8114,'分类14',8314,'厂家14',164,-9,155,100.00,'测试出库',0,NOW(),NOW());
INSERT INTO t_stock_record (id,biz_no,order_id,order_item_id,stock_id,goods_id,sku,goods_name,english_name,brand_id,brand_name,series_id,series_name,type_id,type_name,maker_id,maker_name,warehouse_id,before_qty,change_qty,after_qty,type,source_type,price,price_update_time,customer_id,customer_name,requester_id,requester_name,operator_id,operator_name,remark,deleted,create_time,update_time) VALUES (9814,'BIZ20260327014',9614,9714,9114,9014,'KIT-14-SKU-9014','厨房用具14','Kitchen Tool 14',8014,'品牌14',8214,'系列14',8114,'分类14',8314,'厂家14',7014,164,-9,155,2,3,100.00,NOW(),9414,'客户14',2014,'user14',2003,'user03','请求出库流水',0,NOW(),NOW());
INSERT INTO t_request_item (id,request_id,goods_id,sku,goods_name,english_name,brand_id,brand_name,series_id,series_name,type_id,type_name,maker_id,maker_name,warehouse_id,price,discount,request_qty,approve_qty,out_qty,stock_record_id,remark,deleted,create_time,update_time) VALUES (9914,9514,9014,'KIT-14-SKU-9014','厨房用具14','Kitchen Tool 14',8014,'品牌14',8214,'系列14',8114,'分类14',8314,'厂家14',7014,100.00,0.9500,9,9,9,9814,'请求明细',0,NOW(),NOW());
INSERT INTO t_request_form (id,biz_no,user_id,username,dept_id,dept_name,customer_id,customer_name,warehouse_id,total_qty,request_qty,state,approver_id,approve_name,approve_time,approve_remark,deleted,create_time,update_time) VALUES (9515,'REQ20260327015',2015,'user15',1015,'部门15',9415,'客户15',7015,10,10,2,2001,'user01',NOW(),'通过',0,NOW(),NOW());
INSERT INTO t_stock_order (id,order_no,type,warehouse_id,source_type,source_id,total_qty,state,requester_id,requester_name,operator_id,operator_name,remark,approver_id,approver_name,approve_time,finish_time,deleted,create_time,update_time) VALUES (9615,'SO20260327015',2,7015,3,9515,10,2,2015,'user15',2003,'user03','请求出库',2001,'user01',NOW(),NOW(),0,NOW(),NOW());
INSERT INTO t_stock_order_item (id,order_id,goods_id,sku,goods_name,english_name,brand_id,brand_name,series_id,series_name,type_id,type_name,maker_id,maker_name,before_qty,change_qty,after_qty,price,remark,deleted,create_time,update_time) VALUES (9715,9615,9015,'KIT-15-SKU-9015','厨房用具15','Kitchen Tool 15',8015,'品牌15',8215,'系列15',8115,'分类15',8315,'厂家15',165,-10,155,105.00,'测试出库',0,NOW(),NOW());
INSERT INTO t_stock_record (id,biz_no,order_id,order_item_id,stock_id,goods_id,sku,goods_name,english_name,brand_id,brand_name,series_id,series_name,type_id,type_name,maker_id,maker_name,warehouse_id,before_qty,change_qty,after_qty,type,source_type,price,price_update_time,customer_id,customer_name,requester_id,requester_name,operator_id,operator_name,remark,deleted,create_time,update_time) VALUES (9815,'BIZ20260327015',9615,9715,9115,9015,'KIT-15-SKU-9015','厨房用具15','Kitchen Tool 15',8015,'品牌15',8215,'系列15',8115,'分类15',8315,'厂家15',7015,165,-10,155,2,3,105.00,NOW(),9415,'客户15',2015,'user15',2003,'user03','请求出库流水',0,NOW(),NOW());
INSERT INTO t_request_item (id,request_id,goods_id,sku,goods_name,english_name,brand_id,brand_name,series_id,series_name,type_id,type_name,maker_id,maker_name,warehouse_id,price,discount,request_qty,approve_qty,out_qty,stock_record_id,remark,deleted,create_time,update_time) VALUES (9915,9515,9015,'KIT-15-SKU-9015','厨房用具15','Kitchen Tool 15',8015,'品牌15',8215,'系列15',8115,'分类15',8315,'厂家15',7015,105.00,0.9500,10,10,10,9815,'请求明细',0,NOW(),NOW());
INSERT INTO t_request_form (id,biz_no,user_id,username,dept_id,dept_name,customer_id,customer_name,warehouse_id,total_qty,request_qty,state,approver_id,approve_name,approve_time,approve_remark,deleted,create_time,update_time) VALUES (9516,'REQ20260327016',2016,'user16',1016,'部门16',9416,'客户16',7016,11,11,2,2001,'user01',NOW(),'通过',0,NOW(),NOW());
INSERT INTO t_stock_order (id,order_no,type,warehouse_id,source_type,source_id,total_qty,state,requester_id,requester_name,operator_id,operator_name,remark,approver_id,approver_name,approve_time,finish_time,deleted,create_time,update_time) VALUES (9616,'SO20260327016',2,7016,3,9516,11,2,2016,'user16',2003,'user03','请求出库',2001,'user01',NOW(),NOW(),0,NOW(),NOW());
INSERT INTO t_stock_order_item (id,order_id,goods_id,sku,goods_name,english_name,brand_id,brand_name,series_id,series_name,type_id,type_name,maker_id,maker_name,before_qty,change_qty,after_qty,price,remark,deleted,create_time,update_time) VALUES (9716,9616,9016,'KIT-16-SKU-9016','厨房用具16','Kitchen Tool 16',8016,'品牌16',8216,'系列16',8116,'分类16',8316,'厂家16',166,-11,155,110.00,'测试出库',0,NOW(),NOW());
INSERT INTO t_stock_record (id,biz_no,order_id,order_item_id,stock_id,goods_id,sku,goods_name,english_name,brand_id,brand_name,series_id,series_name,type_id,type_name,maker_id,maker_name,warehouse_id,before_qty,change_qty,after_qty,type,source_type,price,price_update_time,customer_id,customer_name,requester_id,requester_name,operator_id,operator_name,remark,deleted,create_time,update_time) VALUES (9816,'BIZ20260327016',9616,9716,9116,9016,'KIT-16-SKU-9016','厨房用具16','Kitchen Tool 16',8016,'品牌16',8216,'系列16',8116,'分类16',8316,'厂家16',7016,166,-11,155,2,3,110.00,NOW(),9416,'客户16',2016,'user16',2003,'user03','请求出库流水',0,NOW(),NOW());
INSERT INTO t_request_item (id,request_id,goods_id,sku,goods_name,english_name,brand_id,brand_name,series_id,series_name,type_id,type_name,maker_id,maker_name,warehouse_id,price,discount,request_qty,approve_qty,out_qty,stock_record_id,remark,deleted,create_time,update_time) VALUES (9916,9516,9016,'KIT-16-SKU-9016','厨房用具16','Kitchen Tool 16',8016,'品牌16',8216,'系列16',8116,'分类16',8316,'厂家16',7016,110.00,0.9500,11,11,11,9816,'请求明细',0,NOW(),NOW());
INSERT INTO t_request_form (id,biz_no,user_id,username,dept_id,dept_name,customer_id,customer_name,warehouse_id,total_qty,request_qty,state,approver_id,approve_name,approve_time,approve_remark,deleted,create_time,update_time) VALUES (9517,'REQ20260327017',2017,'user17',1017,'部门17',9417,'客户17',7017,12,12,2,2001,'user01',NOW(),'通过',0,NOW(),NOW());
INSERT INTO t_stock_order (id,order_no,type,warehouse_id,source_type,source_id,total_qty,state,requester_id,requester_name,operator_id,operator_name,remark,approver_id,approver_name,approve_time,finish_time,deleted,create_time,update_time) VALUES (9617,'SO20260327017',2,7017,3,9517,12,2,2017,'user17',2003,'user03','请求出库',2001,'user01',NOW(),NOW(),0,NOW(),NOW());
INSERT INTO t_stock_order_item (id,order_id,goods_id,sku,goods_name,english_name,brand_id,brand_name,series_id,series_name,type_id,type_name,maker_id,maker_name,before_qty,change_qty,after_qty,price,remark,deleted,create_time,update_time) VALUES (9717,9617,9017,'KIT-17-SKU-9017','厨房用具17','Kitchen Tool 17',8017,'品牌17',8217,'系列17',8117,'分类17',8317,'厂家17',167,-12,155,115.00,'测试出库',0,NOW(),NOW());
INSERT INTO t_stock_record (id,biz_no,order_id,order_item_id,stock_id,goods_id,sku,goods_name,english_name,brand_id,brand_name,series_id,series_name,type_id,type_name,maker_id,maker_name,warehouse_id,before_qty,change_qty,after_qty,type,source_type,price,price_update_time,customer_id,customer_name,requester_id,requester_name,operator_id,operator_name,remark,deleted,create_time,update_time) VALUES (9817,'BIZ20260327017',9617,9717,9117,9017,'KIT-17-SKU-9017','厨房用具17','Kitchen Tool 17',8017,'品牌17',8217,'系列17',8117,'分类17',8317,'厂家17',7017,167,-12,155,2,3,115.00,NOW(),9417,'客户17',2017,'user17',2003,'user03','请求出库流水',0,NOW(),NOW());
INSERT INTO t_request_item (id,request_id,goods_id,sku,goods_name,english_name,brand_id,brand_name,series_id,series_name,type_id,type_name,maker_id,maker_name,warehouse_id,price,discount,request_qty,approve_qty,out_qty,stock_record_id,remark,deleted,create_time,update_time) VALUES (9917,9517,9017,'KIT-17-SKU-9017','厨房用具17','Kitchen Tool 17',8017,'品牌17',8217,'系列17',8117,'分类17',8317,'厂家17',7017,115.00,0.9500,12,12,12,9817,'请求明细',0,NOW(),NOW());
INSERT INTO t_request_form (id,biz_no,user_id,username,dept_id,dept_name,customer_id,customer_name,warehouse_id,total_qty,request_qty,state,approver_id,approve_name,approve_time,approve_remark,deleted,create_time,update_time) VALUES (9518,'REQ20260327018',2018,'user18',1018,'部门18',9418,'客户18',7018,13,13,2,2001,'user01',NOW(),'通过',0,NOW(),NOW());
INSERT INTO t_stock_order (id,order_no,type,warehouse_id,source_type,source_id,total_qty,state,requester_id,requester_name,operator_id,operator_name,remark,approver_id,approver_name,approve_time,finish_time,deleted,create_time,update_time) VALUES (9618,'SO20260327018',2,7018,3,9518,13,2,2018,'user18',2003,'user03','请求出库',2001,'user01',NOW(),NOW(),0,NOW(),NOW());
INSERT INTO t_stock_order_item (id,order_id,goods_id,sku,goods_name,english_name,brand_id,brand_name,series_id,series_name,type_id,type_name,maker_id,maker_name,before_qty,change_qty,after_qty,price,remark,deleted,create_time,update_time) VALUES (9718,9618,9018,'KIT-18-SKU-9018','厨房用具18','Kitchen Tool 18',8018,'品牌18',8218,'系列18',8118,'分类18',8318,'厂家18',168,-13,155,120.00,'测试出库',0,NOW(),NOW());
INSERT INTO t_stock_record (id,biz_no,order_id,order_item_id,stock_id,goods_id,sku,goods_name,english_name,brand_id,brand_name,series_id,series_name,type_id,type_name,maker_id,maker_name,warehouse_id,before_qty,change_qty,after_qty,type,source_type,price,price_update_time,customer_id,customer_name,requester_id,requester_name,operator_id,operator_name,remark,deleted,create_time,update_time) VALUES (9818,'BIZ20260327018',9618,9718,9118,9018,'KIT-18-SKU-9018','厨房用具18','Kitchen Tool 18',8018,'品牌18',8218,'系列18',8118,'分类18',8318,'厂家18',7018,168,-13,155,2,3,120.00,NOW(),9418,'客户18',2018,'user18',2003,'user03','请求出库流水',0,NOW(),NOW());
INSERT INTO t_request_item (id,request_id,goods_id,sku,goods_name,english_name,brand_id,brand_name,series_id,series_name,type_id,type_name,maker_id,maker_name,warehouse_id,price,discount,request_qty,approve_qty,out_qty,stock_record_id,remark,deleted,create_time,update_time) VALUES (9918,9518,9018,'KIT-18-SKU-9018','厨房用具18','Kitchen Tool 18',8018,'品牌18',8218,'系列18',8118,'分类18',8318,'厂家18',7018,120.00,0.9500,13,13,13,9818,'请求明细',0,NOW(),NOW());
INSERT INTO t_request_form (id,biz_no,user_id,username,dept_id,dept_name,customer_id,customer_name,warehouse_id,total_qty,request_qty,state,approver_id,approve_name,approve_time,approve_remark,deleted,create_time,update_time) VALUES (9519,'REQ20260327019',2019,'user19',1019,'部门19',9419,'客户19',7019,14,14,2,2001,'user01',NOW(),'通过',0,NOW(),NOW());
INSERT INTO t_stock_order (id,order_no,type,warehouse_id,source_type,source_id,total_qty,state,requester_id,requester_name,operator_id,operator_name,remark,approver_id,approver_name,approve_time,finish_time,deleted,create_time,update_time) VALUES (9619,'SO20260327019',2,7019,3,9519,14,2,2019,'user19',2003,'user03','请求出库',2001,'user01',NOW(),NOW(),0,NOW(),NOW());
INSERT INTO t_stock_order_item (id,order_id,goods_id,sku,goods_name,english_name,brand_id,brand_name,series_id,series_name,type_id,type_name,maker_id,maker_name,before_qty,change_qty,after_qty,price,remark,deleted,create_time,update_time) VALUES (9719,9619,9019,'KIT-19-SKU-9019','厨房用具19','Kitchen Tool 19',8019,'品牌19',8219,'系列19',8119,'分类19',8319,'厂家19',169,-14,155,125.00,'测试出库',0,NOW(),NOW());
INSERT INTO t_stock_record (id,biz_no,order_id,order_item_id,stock_id,goods_id,sku,goods_name,english_name,brand_id,brand_name,series_id,series_name,type_id,type_name,maker_id,maker_name,warehouse_id,before_qty,change_qty,after_qty,type,source_type,price,price_update_time,customer_id,customer_name,requester_id,requester_name,operator_id,operator_name,remark,deleted,create_time,update_time) VALUES (9819,'BIZ20260327019',9619,9719,9119,9019,'KIT-19-SKU-9019','厨房用具19','Kitchen Tool 19',8019,'品牌19',8219,'系列19',8119,'分类19',8319,'厂家19',7019,169,-14,155,2,3,125.00,NOW(),9419,'客户19',2019,'user19',2003,'user03','请求出库流水',0,NOW(),NOW());
INSERT INTO t_request_item (id,request_id,goods_id,sku,goods_name,english_name,brand_id,brand_name,series_id,series_name,type_id,type_name,maker_id,maker_name,warehouse_id,price,discount,request_qty,approve_qty,out_qty,stock_record_id,remark,deleted,create_time,update_time) VALUES (9919,9519,9019,'KIT-19-SKU-9019','厨房用具19','Kitchen Tool 19',8019,'品牌19',8219,'系列19',8119,'分类19',8319,'厂家19',7019,125.00,0.9500,14,14,14,9819,'请求明细',0,NOW(),NOW());
INSERT INTO t_request_form (id,biz_no,user_id,username,dept_id,dept_name,customer_id,customer_name,warehouse_id,total_qty,request_qty,state,approver_id,approve_name,approve_time,approve_remark,deleted,create_time,update_time) VALUES (9520,'REQ20260327020',2020,'user20',1020,'部门20',9420,'客户20',7020,5,5,2,2001,'user01',NOW(),'通过',0,NOW(),NOW());
INSERT INTO t_stock_order (id,order_no,type,warehouse_id,source_type,source_id,total_qty,state,requester_id,requester_name,operator_id,operator_name,remark,approver_id,approver_name,approve_time,finish_time,deleted,create_time,update_time) VALUES (9620,'SO20260327020',2,7020,3,9520,5,2,2020,'user20',2003,'user03','请求出库',2001,'user01',NOW(),NOW(),0,NOW(),NOW());
INSERT INTO t_stock_order_item (id,order_id,goods_id,sku,goods_name,english_name,brand_id,brand_name,series_id,series_name,type_id,type_name,maker_id,maker_name,before_qty,change_qty,after_qty,price,remark,deleted,create_time,update_time) VALUES (9720,9620,9020,'KIT-20-SKU-9020','厨房用具20','Kitchen Tool 20',8020,'品牌20',8220,'系列20',8120,'分类20',8320,'厂家20',170,-5,165,130.00,'测试出库',0,NOW(),NOW());
INSERT INTO t_stock_record (id,biz_no,order_id,order_item_id,stock_id,goods_id,sku,goods_name,english_name,brand_id,brand_name,series_id,series_name,type_id,type_name,maker_id,maker_name,warehouse_id,before_qty,change_qty,after_qty,type,source_type,price,price_update_time,customer_id,customer_name,requester_id,requester_name,operator_id,operator_name,remark,deleted,create_time,update_time) VALUES (9820,'BIZ20260327020',9620,9720,9120,9020,'KIT-20-SKU-9020','厨房用具20','Kitchen Tool 20',8020,'品牌20',8220,'系列20',8120,'分类20',8320,'厂家20',7020,170,-5,165,2,3,130.00,NOW(),9420,'客户20',2020,'user20',2003,'user03','请求出库流水',0,NOW(),NOW());
INSERT INTO t_request_item (id,request_id,goods_id,sku,goods_name,english_name,brand_id,brand_name,series_id,series_name,type_id,type_name,maker_id,maker_name,warehouse_id,price,discount,request_qty,approve_qty,out_qty,stock_record_id,remark,deleted,create_time,update_time) VALUES (9920,9520,9020,'KIT-20-SKU-9020','厨房用具20','Kitchen Tool 20',8020,'品牌20',8220,'系列20',8120,'分类20',8320,'厂家20',7020,130.00,0.9500,5,5,5,9820,'请求明细',0,NOW(),NOW());
INSERT INTO t_request_form (id,biz_no,user_id,username,dept_id,dept_name,customer_id,customer_name,warehouse_id,total_qty,request_qty,state,approver_id,approve_name,approve_time,approve_remark,deleted,create_time,update_time) VALUES (9521,'REQ20260327021',2021,'user21',1021,'部门21',9421,'客户21',7021,6,6,2,2001,'user01',NOW(),'通过',0,NOW(),NOW());
INSERT INTO t_stock_order (id,order_no,type,warehouse_id,source_type,source_id,total_qty,state,requester_id,requester_name,operator_id,operator_name,remark,approver_id,approver_name,approve_time,finish_time,deleted,create_time,update_time) VALUES (9621,'SO20260327021',2,7021,3,9521,6,2,2021,'user21',2003,'user03','请求出库',2001,'user01',NOW(),NOW(),0,NOW(),NOW());
INSERT INTO t_stock_order_item (id,order_id,goods_id,sku,goods_name,english_name,brand_id,brand_name,series_id,series_name,type_id,type_name,maker_id,maker_name,before_qty,change_qty,after_qty,price,remark,deleted,create_time,update_time) VALUES (9721,9621,9021,'KIT-21-SKU-9021','厨房用具21','Kitchen Tool 21',8021,'品牌21',8221,'系列21',8121,'分类21',8321,'厂家21',171,-6,165,135.00,'测试出库',0,NOW(),NOW());
INSERT INTO t_stock_record (id,biz_no,order_id,order_item_id,stock_id,goods_id,sku,goods_name,english_name,brand_id,brand_name,series_id,series_name,type_id,type_name,maker_id,maker_name,warehouse_id,before_qty,change_qty,after_qty,type,source_type,price,price_update_time,customer_id,customer_name,requester_id,requester_name,operator_id,operator_name,remark,deleted,create_time,update_time) VALUES (9821,'BIZ20260327021',9621,9721,9121,9021,'KIT-21-SKU-9021','厨房用具21','Kitchen Tool 21',8021,'品牌21',8221,'系列21',8121,'分类21',8321,'厂家21',7021,171,-6,165,2,3,135.00,NOW(),9421,'客户21',2021,'user21',2003,'user03','请求出库流水',0,NOW(),NOW());
INSERT INTO t_request_item (id,request_id,goods_id,sku,goods_name,english_name,brand_id,brand_name,series_id,series_name,type_id,type_name,maker_id,maker_name,warehouse_id,price,discount,request_qty,approve_qty,out_qty,stock_record_id,remark,deleted,create_time,update_time) VALUES (9921,9521,9021,'KIT-21-SKU-9021','厨房用具21','Kitchen Tool 21',8021,'品牌21',8221,'系列21',8121,'分类21',8321,'厂家21',7021,135.00,0.9500,6,6,6,9821,'请求明细',0,NOW(),NOW());
INSERT INTO t_request_form (id,biz_no,user_id,username,dept_id,dept_name,customer_id,customer_name,warehouse_id,total_qty,request_qty,state,approver_id,approve_name,approve_time,approve_remark,deleted,create_time,update_time) VALUES (9522,'REQ20260327022',2022,'user22',1022,'部门22',9422,'客户22',7022,7,7,2,2001,'user01',NOW(),'通过',0,NOW(),NOW());
INSERT INTO t_stock_order (id,order_no,type,warehouse_id,source_type,source_id,total_qty,state,requester_id,requester_name,operator_id,operator_name,remark,approver_id,approver_name,approve_time,finish_time,deleted,create_time,update_time) VALUES (9622,'SO20260327022',2,7022,3,9522,7,2,2022,'user22',2003,'user03','请求出库',2001,'user01',NOW(),NOW(),0,NOW(),NOW());
INSERT INTO t_stock_order_item (id,order_id,goods_id,sku,goods_name,english_name,brand_id,brand_name,series_id,series_name,type_id,type_name,maker_id,maker_name,before_qty,change_qty,after_qty,price,remark,deleted,create_time,update_time) VALUES (9722,9622,9022,'KIT-22-SKU-9022','厨房用具22','Kitchen Tool 22',8022,'品牌22',8222,'系列22',8122,'分类22',8322,'厂家22',172,-7,165,140.00,'测试出库',0,NOW(),NOW());
INSERT INTO t_stock_record (id,biz_no,order_id,order_item_id,stock_id,goods_id,sku,goods_name,english_name,brand_id,brand_name,series_id,series_name,type_id,type_name,maker_id,maker_name,warehouse_id,before_qty,change_qty,after_qty,type,source_type,price,price_update_time,customer_id,customer_name,requester_id,requester_name,operator_id,operator_name,remark,deleted,create_time,update_time) VALUES (9822,'BIZ20260327022',9622,9722,9122,9022,'KIT-22-SKU-9022','厨房用具22','Kitchen Tool 22',8022,'品牌22',8222,'系列22',8122,'分类22',8322,'厂家22',7022,172,-7,165,2,3,140.00,NOW(),9422,'客户22',2022,'user22',2003,'user03','请求出库流水',0,NOW(),NOW());
INSERT INTO t_request_item (id,request_id,goods_id,sku,goods_name,english_name,brand_id,brand_name,series_id,series_name,type_id,type_name,maker_id,maker_name,warehouse_id,price,discount,request_qty,approve_qty,out_qty,stock_record_id,remark,deleted,create_time,update_time) VALUES (9922,9522,9022,'KIT-22-SKU-9022','厨房用具22','Kitchen Tool 22',8022,'品牌22',8222,'系列22',8122,'分类22',8322,'厂家22',7022,140.00,0.9500,7,7,7,9822,'请求明细',0,NOW(),NOW());
INSERT INTO t_request_form (id,biz_no,user_id,username,dept_id,dept_name,customer_id,customer_name,warehouse_id,total_qty,request_qty,state,approver_id,approve_name,approve_time,approve_remark,deleted,create_time,update_time) VALUES (9523,'REQ20260327023',2023,'user23',1023,'部门23',9423,'客户23',7023,8,8,2,2001,'user01',NOW(),'通过',0,NOW(),NOW());
INSERT INTO t_stock_order (id,order_no,type,warehouse_id,source_type,source_id,total_qty,state,requester_id,requester_name,operator_id,operator_name,remark,approver_id,approver_name,approve_time,finish_time,deleted,create_time,update_time) VALUES (9623,'SO20260327023',2,7023,3,9523,8,2,2023,'user23',2003,'user03','请求出库',2001,'user01',NOW(),NOW(),0,NOW(),NOW());
INSERT INTO t_stock_order_item (id,order_id,goods_id,sku,goods_name,english_name,brand_id,brand_name,series_id,series_name,type_id,type_name,maker_id,maker_name,before_qty,change_qty,after_qty,price,remark,deleted,create_time,update_time) VALUES (9723,9623,9023,'KIT-23-SKU-9023','厨房用具23','Kitchen Tool 23',8023,'品牌23',8223,'系列23',8123,'分类23',8323,'厂家23',173,-8,165,145.00,'测试出库',0,NOW(),NOW());
INSERT INTO t_stock_record (id,biz_no,order_id,order_item_id,stock_id,goods_id,sku,goods_name,english_name,brand_id,brand_name,series_id,series_name,type_id,type_name,maker_id,maker_name,warehouse_id,before_qty,change_qty,after_qty,type,source_type,price,price_update_time,customer_id,customer_name,requester_id,requester_name,operator_id,operator_name,remark,deleted,create_time,update_time) VALUES (9823,'BIZ20260327023',9623,9723,9123,9023,'KIT-23-SKU-9023','厨房用具23','Kitchen Tool 23',8023,'品牌23',8223,'系列23',8123,'分类23',8323,'厂家23',7023,173,-8,165,2,3,145.00,NOW(),9423,'客户23',2023,'user23',2003,'user03','请求出库流水',0,NOW(),NOW());
INSERT INTO t_request_item (id,request_id,goods_id,sku,goods_name,english_name,brand_id,brand_name,series_id,series_name,type_id,type_name,maker_id,maker_name,warehouse_id,price,discount,request_qty,approve_qty,out_qty,stock_record_id,remark,deleted,create_time,update_time) VALUES (9923,9523,9023,'KIT-23-SKU-9023','厨房用具23','Kitchen Tool 23',8023,'品牌23',8223,'系列23',8123,'分类23',8323,'厂家23',7023,145.00,0.9500,8,8,8,9823,'请求明细',0,NOW(),NOW());
INSERT INTO t_request_form (id,biz_no,user_id,username,dept_id,dept_name,customer_id,customer_name,warehouse_id,total_qty,request_qty,state,approver_id,approve_name,approve_time,approve_remark,deleted,create_time,update_time) VALUES (9524,'REQ20260327024',2024,'user24',1024,'部门24',9424,'客户24',7024,9,9,2,2001,'user01',NOW(),'通过',0,NOW(),NOW());
INSERT INTO t_stock_order (id,order_no,type,warehouse_id,source_type,source_id,total_qty,state,requester_id,requester_name,operator_id,operator_name,remark,approver_id,approver_name,approve_time,finish_time,deleted,create_time,update_time) VALUES (9624,'SO20260327024',2,7024,3,9524,9,2,2024,'user24',2003,'user03','请求出库',2001,'user01',NOW(),NOW(),0,NOW(),NOW());
INSERT INTO t_stock_order_item (id,order_id,goods_id,sku,goods_name,english_name,brand_id,brand_name,series_id,series_name,type_id,type_name,maker_id,maker_name,before_qty,change_qty,after_qty,price,remark,deleted,create_time,update_time) VALUES (9724,9624,9024,'KIT-24-SKU-9024','厨房用具24','Kitchen Tool 24',8024,'品牌24',8224,'系列24',8124,'分类24',8324,'厂家24',174,-9,165,150.00,'测试出库',0,NOW(),NOW());
INSERT INTO t_stock_record (id,biz_no,order_id,order_item_id,stock_id,goods_id,sku,goods_name,english_name,brand_id,brand_name,series_id,series_name,type_id,type_name,maker_id,maker_name,warehouse_id,before_qty,change_qty,after_qty,type,source_type,price,price_update_time,customer_id,customer_name,requester_id,requester_name,operator_id,operator_name,remark,deleted,create_time,update_time) VALUES (9824,'BIZ20260327024',9624,9724,9124,9024,'KIT-24-SKU-9024','厨房用具24','Kitchen Tool 24',8024,'品牌24',8224,'系列24',8124,'分类24',8324,'厂家24',7024,174,-9,165,2,3,150.00,NOW(),9424,'客户24',2024,'user24',2003,'user03','请求出库流水',0,NOW(),NOW());
INSERT INTO t_request_item (id,request_id,goods_id,sku,goods_name,english_name,brand_id,brand_name,series_id,series_name,type_id,type_name,maker_id,maker_name,warehouse_id,price,discount,request_qty,approve_qty,out_qty,stock_record_id,remark,deleted,create_time,update_time) VALUES (9924,9524,9024,'KIT-24-SKU-9024','厨房用具24','Kitchen Tool 24',8024,'品牌24',8224,'系列24',8124,'分类24',8324,'厂家24',7024,150.00,0.9500,9,9,9,9824,'请求明细',0,NOW(),NOW());
INSERT INTO t_request_form (id,biz_no,user_id,username,dept_id,dept_name,customer_id,customer_name,warehouse_id,total_qty,request_qty,state,approver_id,approve_name,approve_time,approve_remark,deleted,create_time,update_time) VALUES (9525,'REQ20260327025',2025,'user25',1025,'部门25',9425,'客户25',7025,10,10,2,2001,'user01',NOW(),'通过',0,NOW(),NOW());
INSERT INTO t_stock_order (id,order_no,type,warehouse_id,source_type,source_id,total_qty,state,requester_id,requester_name,operator_id,operator_name,remark,approver_id,approver_name,approve_time,finish_time,deleted,create_time,update_time) VALUES (9625,'SO20260327025',2,7025,3,9525,10,2,2025,'user25',2003,'user03','请求出库',2001,'user01',NOW(),NOW(),0,NOW(),NOW());
INSERT INTO t_stock_order_item (id,order_id,goods_id,sku,goods_name,english_name,brand_id,brand_name,series_id,series_name,type_id,type_name,maker_id,maker_name,before_qty,change_qty,after_qty,price,remark,deleted,create_time,update_time) VALUES (9725,9625,9025,'KIT-25-SKU-9025','厨房用具25','Kitchen Tool 25',8025,'品牌25',8225,'系列25',8125,'分类25',8325,'厂家25',175,-10,165,155.00,'测试出库',0,NOW(),NOW());
INSERT INTO t_stock_record (id,biz_no,order_id,order_item_id,stock_id,goods_id,sku,goods_name,english_name,brand_id,brand_name,series_id,series_name,type_id,type_name,maker_id,maker_name,warehouse_id,before_qty,change_qty,after_qty,type,source_type,price,price_update_time,customer_id,customer_name,requester_id,requester_name,operator_id,operator_name,remark,deleted,create_time,update_time) VALUES (9825,'BIZ20260327025',9625,9725,9125,9025,'KIT-25-SKU-9025','厨房用具25','Kitchen Tool 25',8025,'品牌25',8225,'系列25',8125,'分类25',8325,'厂家25',7025,175,-10,165,2,3,155.00,NOW(),9425,'客户25',2025,'user25',2003,'user03','请求出库流水',0,NOW(),NOW());
INSERT INTO t_request_item (id,request_id,goods_id,sku,goods_name,english_name,brand_id,brand_name,series_id,series_name,type_id,type_name,maker_id,maker_name,warehouse_id,price,discount,request_qty,approve_qty,out_qty,stock_record_id,remark,deleted,create_time,update_time) VALUES (9925,9525,9025,'KIT-25-SKU-9025','厨房用具25','Kitchen Tool 25',8025,'品牌25',8225,'系列25',8125,'分类25',8325,'厂家25',7025,155.00,0.9500,10,10,10,9825,'请求明细',0,NOW(),NOW());
INSERT INTO t_request_form (id,biz_no,user_id,username,dept_id,dept_name,customer_id,customer_name,warehouse_id,total_qty,request_qty,state,approver_id,approve_name,approve_time,approve_remark,deleted,create_time,update_time) VALUES (9526,'REQ20260327026',2026,'user26',1026,'部门26',9426,'客户26',7026,11,11,2,2001,'user01',NOW(),'通过',0,NOW(),NOW());
INSERT INTO t_stock_order (id,order_no,type,warehouse_id,source_type,source_id,total_qty,state,requester_id,requester_name,operator_id,operator_name,remark,approver_id,approver_name,approve_time,finish_time,deleted,create_time,update_time) VALUES (9626,'SO20260327026',2,7026,3,9526,11,2,2026,'user26',2003,'user03','请求出库',2001,'user01',NOW(),NOW(),0,NOW(),NOW());
INSERT INTO t_stock_order_item (id,order_id,goods_id,sku,goods_name,english_name,brand_id,brand_name,series_id,series_name,type_id,type_name,maker_id,maker_name,before_qty,change_qty,after_qty,price,remark,deleted,create_time,update_time) VALUES (9726,9626,9026,'KIT-26-SKU-9026','厨房用具26','Kitchen Tool 26',8026,'品牌26',8226,'系列26',8126,'分类26',8326,'厂家26',176,-11,165,160.00,'测试出库',0,NOW(),NOW());
INSERT INTO t_stock_record (id,biz_no,order_id,order_item_id,stock_id,goods_id,sku,goods_name,english_name,brand_id,brand_name,series_id,series_name,type_id,type_name,maker_id,maker_name,warehouse_id,before_qty,change_qty,after_qty,type,source_type,price,price_update_time,customer_id,customer_name,requester_id,requester_name,operator_id,operator_name,remark,deleted,create_time,update_time) VALUES (9826,'BIZ20260327026',9626,9726,9126,9026,'KIT-26-SKU-9026','厨房用具26','Kitchen Tool 26',8026,'品牌26',8226,'系列26',8126,'分类26',8326,'厂家26',7026,176,-11,165,2,3,160.00,NOW(),9426,'客户26',2026,'user26',2003,'user03','请求出库流水',0,NOW(),NOW());
INSERT INTO t_request_item (id,request_id,goods_id,sku,goods_name,english_name,brand_id,brand_name,series_id,series_name,type_id,type_name,maker_id,maker_name,warehouse_id,price,discount,request_qty,approve_qty,out_qty,stock_record_id,remark,deleted,create_time,update_time) VALUES (9926,9526,9026,'KIT-26-SKU-9026','厨房用具26','Kitchen Tool 26',8026,'品牌26',8226,'系列26',8126,'分类26',8326,'厂家26',7026,160.00,0.9500,11,11,11,9826,'请求明细',0,NOW(),NOW());
INSERT INTO t_request_form (id,biz_no,user_id,username,dept_id,dept_name,customer_id,customer_name,warehouse_id,total_qty,request_qty,state,approver_id,approve_name,approve_time,approve_remark,deleted,create_time,update_time) VALUES (9527,'REQ20260327027',2027,'user27',1027,'部门27',9427,'客户27',7027,12,12,2,2001,'user01',NOW(),'通过',0,NOW(),NOW());
INSERT INTO t_stock_order (id,order_no,type,warehouse_id,source_type,source_id,total_qty,state,requester_id,requester_name,operator_id,operator_name,remark,approver_id,approver_name,approve_time,finish_time,deleted,create_time,update_time) VALUES (9627,'SO20260327027',2,7027,3,9527,12,2,2027,'user27',2003,'user03','请求出库',2001,'user01',NOW(),NOW(),0,NOW(),NOW());
INSERT INTO t_stock_order_item (id,order_id,goods_id,sku,goods_name,english_name,brand_id,brand_name,series_id,series_name,type_id,type_name,maker_id,maker_name,before_qty,change_qty,after_qty,price,remark,deleted,create_time,update_time) VALUES (9727,9627,9027,'KIT-27-SKU-9027','厨房用具27','Kitchen Tool 27',8027,'品牌27',8227,'系列27',8127,'分类27',8327,'厂家27',177,-12,165,165.00,'测试出库',0,NOW(),NOW());
INSERT INTO t_stock_record (id,biz_no,order_id,order_item_id,stock_id,goods_id,sku,goods_name,english_name,brand_id,brand_name,series_id,series_name,type_id,type_name,maker_id,maker_name,warehouse_id,before_qty,change_qty,after_qty,type,source_type,price,price_update_time,customer_id,customer_name,requester_id,requester_name,operator_id,operator_name,remark,deleted,create_time,update_time) VALUES (9827,'BIZ20260327027',9627,9727,9127,9027,'KIT-27-SKU-9027','厨房用具27','Kitchen Tool 27',8027,'品牌27',8227,'系列27',8127,'分类27',8327,'厂家27',7027,177,-12,165,2,3,165.00,NOW(),9427,'客户27',2027,'user27',2003,'user03','请求出库流水',0,NOW(),NOW());
INSERT INTO t_request_item (id,request_id,goods_id,sku,goods_name,english_name,brand_id,brand_name,series_id,series_name,type_id,type_name,maker_id,maker_name,warehouse_id,price,discount,request_qty,approve_qty,out_qty,stock_record_id,remark,deleted,create_time,update_time) VALUES (9927,9527,9027,'KIT-27-SKU-9027','厨房用具27','Kitchen Tool 27',8027,'品牌27',8227,'系列27',8127,'分类27',8327,'厂家27',7027,165.00,0.9500,12,12,12,9827,'请求明细',0,NOW(),NOW());
INSERT INTO t_request_form (id,biz_no,user_id,username,dept_id,dept_name,customer_id,customer_name,warehouse_id,total_qty,request_qty,state,approver_id,approve_name,approve_time,approve_remark,deleted,create_time,update_time) VALUES (9528,'REQ20260327028',2028,'user28',1028,'部门28',9428,'客户28',7028,13,13,2,2001,'user01',NOW(),'通过',0,NOW(),NOW());
INSERT INTO t_stock_order (id,order_no,type,warehouse_id,source_type,source_id,total_qty,state,requester_id,requester_name,operator_id,operator_name,remark,approver_id,approver_name,approve_time,finish_time,deleted,create_time,update_time) VALUES (9628,'SO20260327028',2,7028,3,9528,13,2,2028,'user28',2003,'user03','请求出库',2001,'user01',NOW(),NOW(),0,NOW(),NOW());
INSERT INTO t_stock_order_item (id,order_id,goods_id,sku,goods_name,english_name,brand_id,brand_name,series_id,series_name,type_id,type_name,maker_id,maker_name,before_qty,change_qty,after_qty,price,remark,deleted,create_time,update_time) VALUES (9728,9628,9028,'KIT-28-SKU-9028','厨房用具28','Kitchen Tool 28',8028,'品牌28',8228,'系列28',8128,'分类28',8328,'厂家28',178,-13,165,170.00,'测试出库',0,NOW(),NOW());
INSERT INTO t_stock_record (id,biz_no,order_id,order_item_id,stock_id,goods_id,sku,goods_name,english_name,brand_id,brand_name,series_id,series_name,type_id,type_name,maker_id,maker_name,warehouse_id,before_qty,change_qty,after_qty,type,source_type,price,price_update_time,customer_id,customer_name,requester_id,requester_name,operator_id,operator_name,remark,deleted,create_time,update_time) VALUES (9828,'BIZ20260327028',9628,9728,9128,9028,'KIT-28-SKU-9028','厨房用具28','Kitchen Tool 28',8028,'品牌28',8228,'系列28',8128,'分类28',8328,'厂家28',7028,178,-13,165,2,3,170.00,NOW(),9428,'客户28',2028,'user28',2003,'user03','请求出库流水',0,NOW(),NOW());
INSERT INTO t_request_item (id,request_id,goods_id,sku,goods_name,english_name,brand_id,brand_name,series_id,series_name,type_id,type_name,maker_id,maker_name,warehouse_id,price,discount,request_qty,approve_qty,out_qty,stock_record_id,remark,deleted,create_time,update_time) VALUES (9928,9528,9028,'KIT-28-SKU-9028','厨房用具28','Kitchen Tool 28',8028,'品牌28',8228,'系列28',8128,'分类28',8328,'厂家28',7028,170.00,0.9500,13,13,13,9828,'请求明细',0,NOW(),NOW());
INSERT INTO t_request_form (id,biz_no,user_id,username,dept_id,dept_name,customer_id,customer_name,warehouse_id,total_qty,request_qty,state,approver_id,approve_name,approve_time,approve_remark,deleted,create_time,update_time) VALUES (9529,'REQ20260327029',2029,'user29',1029,'部门29',9429,'客户29',7029,14,14,2,2001,'user01',NOW(),'通过',0,NOW(),NOW());
INSERT INTO t_stock_order (id,order_no,type,warehouse_id,source_type,source_id,total_qty,state,requester_id,requester_name,operator_id,operator_name,remark,approver_id,approver_name,approve_time,finish_time,deleted,create_time,update_time) VALUES (9629,'SO20260327029',2,7029,3,9529,14,2,2029,'user29',2003,'user03','请求出库',2001,'user01',NOW(),NOW(),0,NOW(),NOW());
INSERT INTO t_stock_order_item (id,order_id,goods_id,sku,goods_name,english_name,brand_id,brand_name,series_id,series_name,type_id,type_name,maker_id,maker_name,before_qty,change_qty,after_qty,price,remark,deleted,create_time,update_time) VALUES (9729,9629,9029,'KIT-29-SKU-9029','厨房用具29','Kitchen Tool 29',8029,'品牌29',8229,'系列29',8129,'分类29',8329,'厂家29',179,-14,165,175.00,'测试出库',0,NOW(),NOW());
INSERT INTO t_stock_record (id,biz_no,order_id,order_item_id,stock_id,goods_id,sku,goods_name,english_name,brand_id,brand_name,series_id,series_name,type_id,type_name,maker_id,maker_name,warehouse_id,before_qty,change_qty,after_qty,type,source_type,price,price_update_time,customer_id,customer_name,requester_id,requester_name,operator_id,operator_name,remark,deleted,create_time,update_time) VALUES (9829,'BIZ20260327029',9629,9729,9129,9029,'KIT-29-SKU-9029','厨房用具29','Kitchen Tool 29',8029,'品牌29',8229,'系列29',8129,'分类29',8329,'厂家29',7029,179,-14,165,2,3,175.00,NOW(),9429,'客户29',2029,'user29',2003,'user03','请求出库流水',0,NOW(),NOW());
INSERT INTO t_request_item (id,request_id,goods_id,sku,goods_name,english_name,brand_id,brand_name,series_id,series_name,type_id,type_name,maker_id,maker_name,warehouse_id,price,discount,request_qty,approve_qty,out_qty,stock_record_id,remark,deleted,create_time,update_time) VALUES (9929,9529,9029,'KIT-29-SKU-9029','厨房用具29','Kitchen Tool 29',8029,'品牌29',8229,'系列29',8129,'分类29',8329,'厂家29',7029,175.00,0.9500,14,14,14,9829,'请求明细',0,NOW(),NOW());
INSERT INTO t_request_form (id,biz_no,user_id,username,dept_id,dept_name,customer_id,customer_name,warehouse_id,total_qty,request_qty,state,approver_id,approve_name,approve_time,approve_remark,deleted,create_time,update_time) VALUES (9530,'REQ20260327030',2030,'user30',1030,'部门30',9430,'客户30',7030,5,5,2,2001,'user01',NOW(),'通过',0,NOW(),NOW());
INSERT INTO t_stock_order (id,order_no,type,warehouse_id,source_type,source_id,total_qty,state,requester_id,requester_name,operator_id,operator_name,remark,approver_id,approver_name,approve_time,finish_time,deleted,create_time,update_time) VALUES (9630,'SO20260327030',2,7030,3,9530,5,2,2030,'user30',2003,'user03','请求出库',2001,'user01',NOW(),NOW(),0,NOW(),NOW());
INSERT INTO t_stock_order_item (id,order_id,goods_id,sku,goods_name,english_name,brand_id,brand_name,series_id,series_name,type_id,type_name,maker_id,maker_name,before_qty,change_qty,after_qty,price,remark,deleted,create_time,update_time) VALUES (9730,9630,9030,'KIT-30-SKU-9030','厨房用具30','Kitchen Tool 30',8030,'品牌30',8230,'系列30',8130,'分类30',8330,'厂家30',180,-5,175,180.00,'测试出库',0,NOW(),NOW());
INSERT INTO t_stock_record (id,biz_no,order_id,order_item_id,stock_id,goods_id,sku,goods_name,english_name,brand_id,brand_name,series_id,series_name,type_id,type_name,maker_id,maker_name,warehouse_id,before_qty,change_qty,after_qty,type,source_type,price,price_update_time,customer_id,customer_name,requester_id,requester_name,operator_id,operator_name,remark,deleted,create_time,update_time) VALUES (9830,'BIZ20260327030',9630,9730,9130,9030,'KIT-30-SKU-9030','厨房用具30','Kitchen Tool 30',8030,'品牌30',8230,'系列30',8130,'分类30',8330,'厂家30',7030,180,-5,175,2,3,180.00,NOW(),9430,'客户30',2030,'user30',2003,'user03','请求出库流水',0,NOW(),NOW());
INSERT INTO t_request_item (id,request_id,goods_id,sku,goods_name,english_name,brand_id,brand_name,series_id,series_name,type_id,type_name,maker_id,maker_name,warehouse_id,price,discount,request_qty,approve_qty,out_qty,stock_record_id,remark,deleted,create_time,update_time) VALUES (9930,9530,9030,'KIT-30-SKU-9030','厨房用具30','Kitchen Tool 30',8030,'品牌30',8230,'系列30',8130,'分类30',8330,'厂家30',7030,180.00,0.9500,5,5,5,9830,'请求明细',0,NOW(),NOW());
INSERT INTO t_message (id,type,user_id,message,source_id,is_read,state,deleted,create_time,update_time) VALUES (10001,2,2001,'厨房商品通知01',9001,1,1,0,NOW(),NOW());
INSERT INTO t_config (id,name,`group`,title,tip,type,value,content,deleted,create_time,update_time) VALUES (10101,'config.kitchen.01','kitchen','配置01','说明01','string','value01',NULL,0,NOW(),NOW());
INSERT INTO t_operate_log (id,user_id,username,module,operation,method,request_url,request_ip,request_param,response_data,status,error_msg,cost_time,deleted,create_time,update_time) VALUES (10201,2001,'user01','kitchen','OP_01','POST','/api/kitchen/01','127.0.0.1','{}','{ok:true}',1,NULL,21,0,NOW(),NOW());
INSERT INTO t_user_token (id,token,user_id,login_time,expire_time,login_ip,status,deleted,create_time,update_time) VALUES (10301,'TEST_TOKEN_01',2001,NOW(),DATE_ADD(NOW(),INTERVAL 60 MINUTE),'127.0.0.1',1,0,NOW(),NOW());
INSERT INTO t_message (id,type,user_id,message,source_id,is_read,state,deleted,create_time,update_time) VALUES (10002,3,2002,'厨房商品通知02',9002,0,1,0,NOW(),NOW());
INSERT INTO t_config (id,name,`group`,title,tip,type,value,content,deleted,create_time,update_time) VALUES (10102,'config.kitchen.02','kitchen','配置02','说明02','string','value02',NULL,0,NOW(),NOW());
INSERT INTO t_operate_log (id,user_id,username,module,operation,method,request_url,request_ip,request_param,response_data,status,error_msg,cost_time,deleted,create_time,update_time) VALUES (10202,2002,'user02','kitchen','OP_02','POST','/api/kitchen/02','127.0.0.1','{}','{ok:true}',1,NULL,22,0,NOW(),NOW());
INSERT INTO t_user_token (id,token,user_id,login_time,expire_time,login_ip,status,deleted,create_time,update_time) VALUES (10302,'TEST_TOKEN_02',2002,NOW(),DATE_ADD(NOW(),INTERVAL 60 MINUTE),'127.0.0.1',1,0,NOW(),NOW());
INSERT INTO t_message (id,type,user_id,message,source_id,is_read,state,deleted,create_time,update_time) VALUES (10003,1,2003,'厨房商品通知03',9003,1,1,0,NOW(),NOW());
INSERT INTO t_config (id,name,`group`,title,tip,type,value,content,deleted,create_time,update_time) VALUES (10103,'config.kitchen.03','kitchen','配置03','说明03','string','value03',NULL,0,NOW(),NOW());
INSERT INTO t_operate_log (id,user_id,username,module,operation,method,request_url,request_ip,request_param,response_data,status,error_msg,cost_time,deleted,create_time,update_time) VALUES (10203,2003,'user03','kitchen','OP_03','POST','/api/kitchen/03','127.0.0.1','{}','{ok:true}',1,NULL,23,0,NOW(),NOW());
INSERT INTO t_user_token (id,token,user_id,login_time,expire_time,login_ip,status,deleted,create_time,update_time) VALUES (10303,'TEST_TOKEN_03',2003,NOW(),DATE_ADD(NOW(),INTERVAL 60 MINUTE),'127.0.0.1',1,0,NOW(),NOW());
INSERT INTO t_message (id,type,user_id,message,source_id,is_read,state,deleted,create_time,update_time) VALUES (10004,2,2004,'厨房商品通知04',9004,0,1,0,NOW(),NOW());
INSERT INTO t_config (id,name,`group`,title,tip,type,value,content,deleted,create_time,update_time) VALUES (10104,'config.kitchen.04','kitchen','配置04','说明04','string','value04',NULL,0,NOW(),NOW());
INSERT INTO t_operate_log (id,user_id,username,module,operation,method,request_url,request_ip,request_param,response_data,status,error_msg,cost_time,deleted,create_time,update_time) VALUES (10204,2004,'user04','kitchen','OP_04','POST','/api/kitchen/04','127.0.0.1','{}','{ok:true}',1,NULL,24,0,NOW(),NOW());
INSERT INTO t_user_token (id,token,user_id,login_time,expire_time,login_ip,status,deleted,create_time,update_time) VALUES (10304,'TEST_TOKEN_04',2004,NOW(),DATE_ADD(NOW(),INTERVAL 60 MINUTE),'127.0.0.1',1,0,NOW(),NOW());
INSERT INTO t_message (id,type,user_id,message,source_id,is_read,state,deleted,create_time,update_time) VALUES (10005,3,2005,'厨房商品通知05',9005,1,1,0,NOW(),NOW());
INSERT INTO t_config (id,name,`group`,title,tip,type,value,content,deleted,create_time,update_time) VALUES (10105,'config.kitchen.05','kitchen','配置05','说明05','string','value05',NULL,0,NOW(),NOW());
INSERT INTO t_operate_log (id,user_id,username,module,operation,method,request_url,request_ip,request_param,response_data,status,error_msg,cost_time,deleted,create_time,update_time) VALUES (10205,2005,'user05','kitchen','OP_05','POST','/api/kitchen/05','127.0.0.1','{}','{ok:true}',1,NULL,25,0,NOW(),NOW());
INSERT INTO t_user_token (id,token,user_id,login_time,expire_time,login_ip,status,deleted,create_time,update_time) VALUES (10305,'TEST_TOKEN_05',2005,NOW(),DATE_ADD(NOW(),INTERVAL 60 MINUTE),'127.0.0.1',1,0,NOW(),NOW());
INSERT INTO t_message (id,type,user_id,message,source_id,is_read,state,deleted,create_time,update_time) VALUES (10006,1,2006,'厨房商品通知06',9006,0,1,0,NOW(),NOW());
INSERT INTO t_config (id,name,`group`,title,tip,type,value,content,deleted,create_time,update_time) VALUES (10106,'config.kitchen.06','kitchen','配置06','说明06','string','value06',NULL,0,NOW(),NOW());
INSERT INTO t_operate_log (id,user_id,username,module,operation,method,request_url,request_ip,request_param,response_data,status,error_msg,cost_time,deleted,create_time,update_time) VALUES (10206,2006,'user06','kitchen','OP_06','POST','/api/kitchen/06','127.0.0.1','{}','{ok:true}',1,NULL,26,0,NOW(),NOW());
INSERT INTO t_user_token (id,token,user_id,login_time,expire_time,login_ip,status,deleted,create_time,update_time) VALUES (10306,'TEST_TOKEN_06',2006,NOW(),DATE_ADD(NOW(),INTERVAL 60 MINUTE),'127.0.0.1',1,0,NOW(),NOW());
INSERT INTO t_message (id,type,user_id,message,source_id,is_read,state,deleted,create_time,update_time) VALUES (10007,2,2007,'厨房商品通知07',9007,1,1,0,NOW(),NOW());
INSERT INTO t_config (id,name,`group`,title,tip,type,value,content,deleted,create_time,update_time) VALUES (10107,'config.kitchen.07','kitchen','配置07','说明07','string','value07',NULL,0,NOW(),NOW());
INSERT INTO t_operate_log (id,user_id,username,module,operation,method,request_url,request_ip,request_param,response_data,status,error_msg,cost_time,deleted,create_time,update_time) VALUES (10207,2007,'user07','kitchen','OP_07','POST','/api/kitchen/07','127.0.0.1','{}','{ok:true}',1,NULL,27,0,NOW(),NOW());
INSERT INTO t_user_token (id,token,user_id,login_time,expire_time,login_ip,status,deleted,create_time,update_time) VALUES (10307,'TEST_TOKEN_07',2007,NOW(),DATE_ADD(NOW(),INTERVAL 60 MINUTE),'127.0.0.1',1,0,NOW(),NOW());
INSERT INTO t_message (id,type,user_id,message,source_id,is_read,state,deleted,create_time,update_time) VALUES (10008,3,2008,'厨房商品通知08',9008,0,1,0,NOW(),NOW());
INSERT INTO t_config (id,name,`group`,title,tip,type,value,content,deleted,create_time,update_time) VALUES (10108,'config.kitchen.08','kitchen','配置08','说明08','string','value08',NULL,0,NOW(),NOW());
INSERT INTO t_operate_log (id,user_id,username,module,operation,method,request_url,request_ip,request_param,response_data,status,error_msg,cost_time,deleted,create_time,update_time) VALUES (10208,2008,'user08','kitchen','OP_08','POST','/api/kitchen/08','127.0.0.1','{}','{ok:true}',1,NULL,28,0,NOW(),NOW());
INSERT INTO t_user_token (id,token,user_id,login_time,expire_time,login_ip,status,deleted,create_time,update_time) VALUES (10308,'TEST_TOKEN_08',2008,NOW(),DATE_ADD(NOW(),INTERVAL 60 MINUTE),'127.0.0.1',1,0,NOW(),NOW());
INSERT INTO t_message (id,type,user_id,message,source_id,is_read,state,deleted,create_time,update_time) VALUES (10009,1,2009,'厨房商品通知09',9009,1,1,0,NOW(),NOW());
INSERT INTO t_config (id,name,`group`,title,tip,type,value,content,deleted,create_time,update_time) VALUES (10109,'config.kitchen.09','kitchen','配置09','说明09','string','value09',NULL,0,NOW(),NOW());
INSERT INTO t_operate_log (id,user_id,username,module,operation,method,request_url,request_ip,request_param,response_data,status,error_msg,cost_time,deleted,create_time,update_time) VALUES (10209,2009,'user09','kitchen','OP_09','POST','/api/kitchen/09','127.0.0.1','{}','{ok:true}',1,NULL,29,0,NOW(),NOW());
INSERT INTO t_user_token (id,token,user_id,login_time,expire_time,login_ip,status,deleted,create_time,update_time) VALUES (10309,'TEST_TOKEN_09',2009,NOW(),DATE_ADD(NOW(),INTERVAL 60 MINUTE),'127.0.0.1',1,0,NOW(),NOW());
INSERT INTO t_message (id,type,user_id,message,source_id,is_read,state,deleted,create_time,update_time) VALUES (10010,2,2010,'厨房商品通知10',9010,0,1,0,NOW(),NOW());
INSERT INTO t_config (id,name,`group`,title,tip,type,value,content,deleted,create_time,update_time) VALUES (10110,'config.kitchen.10','kitchen','配置10','说明10','string','value10',NULL,0,NOW(),NOW());
INSERT INTO t_operate_log (id,user_id,username,module,operation,method,request_url,request_ip,request_param,response_data,status,error_msg,cost_time,deleted,create_time,update_time) VALUES (10210,2010,'user10','kitchen','OP_10','POST','/api/kitchen/10','127.0.0.1','{}','{ok:true}',1,NULL,30,0,NOW(),NOW());
INSERT INTO t_user_token (id,token,user_id,login_time,expire_time,login_ip,status,deleted,create_time,update_time) VALUES (10310,'TEST_TOKEN_10',2010,NOW(),DATE_ADD(NOW(),INTERVAL 60 MINUTE),'127.0.0.1',1,0,NOW(),NOW());
INSERT INTO t_message (id,type,user_id,message,source_id,is_read,state,deleted,create_time,update_time) VALUES (10011,3,2011,'厨房商品通知11',9011,1,1,0,NOW(),NOW());
INSERT INTO t_config (id,name,`group`,title,tip,type,value,content,deleted,create_time,update_time) VALUES (10111,'config.kitchen.11','kitchen','配置11','说明11','string','value11',NULL,0,NOW(),NOW());
INSERT INTO t_operate_log (id,user_id,username,module,operation,method,request_url,request_ip,request_param,response_data,status,error_msg,cost_time,deleted,create_time,update_time) VALUES (10211,2011,'user11','kitchen','OP_11','POST','/api/kitchen/11','127.0.0.1','{}','{ok:true}',1,NULL,31,0,NOW(),NOW());
INSERT INTO t_user_token (id,token,user_id,login_time,expire_time,login_ip,status,deleted,create_time,update_time) VALUES (10311,'TEST_TOKEN_11',2011,NOW(),DATE_ADD(NOW(),INTERVAL 60 MINUTE),'127.0.0.1',1,0,NOW(),NOW());
INSERT INTO t_message (id,type,user_id,message,source_id,is_read,state,deleted,create_time,update_time) VALUES (10012,1,2012,'厨房商品通知12',9012,0,1,0,NOW(),NOW());
INSERT INTO t_config (id,name,`group`,title,tip,type,value,content,deleted,create_time,update_time) VALUES (10112,'config.kitchen.12','kitchen','配置12','说明12','string','value12',NULL,0,NOW(),NOW());
INSERT INTO t_operate_log (id,user_id,username,module,operation,method,request_url,request_ip,request_param,response_data,status,error_msg,cost_time,deleted,create_time,update_time) VALUES (10212,2012,'user12','kitchen','OP_12','POST','/api/kitchen/12','127.0.0.1','{}','{ok:true}',1,NULL,32,0,NOW(),NOW());
INSERT INTO t_user_token (id,token,user_id,login_time,expire_time,login_ip,status,deleted,create_time,update_time) VALUES (10312,'TEST_TOKEN_12',2012,NOW(),DATE_ADD(NOW(),INTERVAL 60 MINUTE),'127.0.0.1',1,0,NOW(),NOW());
INSERT INTO t_message (id,type,user_id,message,source_id,is_read,state,deleted,create_time,update_time) VALUES (10013,2,2013,'厨房商品通知13',9013,1,1,0,NOW(),NOW());
INSERT INTO t_config (id,name,`group`,title,tip,type,value,content,deleted,create_time,update_time) VALUES (10113,'config.kitchen.13','kitchen','配置13','说明13','string','value13',NULL,0,NOW(),NOW());
INSERT INTO t_operate_log (id,user_id,username,module,operation,method,request_url,request_ip,request_param,response_data,status,error_msg,cost_time,deleted,create_time,update_time) VALUES (10213,2013,'user13','kitchen','OP_13','POST','/api/kitchen/13','127.0.0.1','{}','{ok:true}',1,NULL,33,0,NOW(),NOW());
INSERT INTO t_user_token (id,token,user_id,login_time,expire_time,login_ip,status,deleted,create_time,update_time) VALUES (10313,'TEST_TOKEN_13',2013,NOW(),DATE_ADD(NOW(),INTERVAL 60 MINUTE),'127.0.0.1',1,0,NOW(),NOW());
INSERT INTO t_message (id,type,user_id,message,source_id,is_read,state,deleted,create_time,update_time) VALUES (10014,3,2014,'厨房商品通知14',9014,0,1,0,NOW(),NOW());
INSERT INTO t_config (id,name,`group`,title,tip,type,value,content,deleted,create_time,update_time) VALUES (10114,'config.kitchen.14','kitchen','配置14','说明14','string','value14',NULL,0,NOW(),NOW());
INSERT INTO t_operate_log (id,user_id,username,module,operation,method,request_url,request_ip,request_param,response_data,status,error_msg,cost_time,deleted,create_time,update_time) VALUES (10214,2014,'user14','kitchen','OP_14','POST','/api/kitchen/14','127.0.0.1','{}','{ok:true}',1,NULL,34,0,NOW(),NOW());
INSERT INTO t_user_token (id,token,user_id,login_time,expire_time,login_ip,status,deleted,create_time,update_time) VALUES (10314,'TEST_TOKEN_14',2014,NOW(),DATE_ADD(NOW(),INTERVAL 60 MINUTE),'127.0.0.1',1,0,NOW(),NOW());
INSERT INTO t_message (id,type,user_id,message,source_id,is_read,state,deleted,create_time,update_time) VALUES (10015,1,2015,'厨房商品通知15',9015,1,1,0,NOW(),NOW());
INSERT INTO t_config (id,name,`group`,title,tip,type,value,content,deleted,create_time,update_time) VALUES (10115,'config.kitchen.15','kitchen','配置15','说明15','string','value15',NULL,0,NOW(),NOW());
INSERT INTO t_operate_log (id,user_id,username,module,operation,method,request_url,request_ip,request_param,response_data,status,error_msg,cost_time,deleted,create_time,update_time) VALUES (10215,2015,'user15','kitchen','OP_15','POST','/api/kitchen/15','127.0.0.1','{}','{ok:true}',1,NULL,35,0,NOW(),NOW());
INSERT INTO t_user_token (id,token,user_id,login_time,expire_time,login_ip,status,deleted,create_time,update_time) VALUES (10315,'TEST_TOKEN_15',2015,NOW(),DATE_ADD(NOW(),INTERVAL 60 MINUTE),'127.0.0.1',1,0,NOW(),NOW());
INSERT INTO t_message (id,type,user_id,message,source_id,is_read,state,deleted,create_time,update_time) VALUES (10016,2,2016,'厨房商品通知16',9016,0,1,0,NOW(),NOW());
INSERT INTO t_config (id,name,`group`,title,tip,type,value,content,deleted,create_time,update_time) VALUES (10116,'config.kitchen.16','kitchen','配置16','说明16','string','value16',NULL,0,NOW(),NOW());
INSERT INTO t_operate_log (id,user_id,username,module,operation,method,request_url,request_ip,request_param,response_data,status,error_msg,cost_time,deleted,create_time,update_time) VALUES (10216,2016,'user16','kitchen','OP_16','POST','/api/kitchen/16','127.0.0.1','{}','{ok:true}',1,NULL,36,0,NOW(),NOW());
INSERT INTO t_user_token (id,token,user_id,login_time,expire_time,login_ip,status,deleted,create_time,update_time) VALUES (10316,'TEST_TOKEN_16',2016,NOW(),DATE_ADD(NOW(),INTERVAL 60 MINUTE),'127.0.0.1',1,0,NOW(),NOW());
INSERT INTO t_message (id,type,user_id,message,source_id,is_read,state,deleted,create_time,update_time) VALUES (10017,3,2017,'厨房商品通知17',9017,1,1,0,NOW(),NOW());
INSERT INTO t_config (id,name,`group`,title,tip,type,value,content,deleted,create_time,update_time) VALUES (10117,'config.kitchen.17','kitchen','配置17','说明17','string','value17',NULL,0,NOW(),NOW());
INSERT INTO t_operate_log (id,user_id,username,module,operation,method,request_url,request_ip,request_param,response_data,status,error_msg,cost_time,deleted,create_time,update_time) VALUES (10217,2017,'user17','kitchen','OP_17','POST','/api/kitchen/17','127.0.0.1','{}','{ok:true}',1,NULL,37,0,NOW(),NOW());
INSERT INTO t_user_token (id,token,user_id,login_time,expire_time,login_ip,status,deleted,create_time,update_time) VALUES (10317,'TEST_TOKEN_17',2017,NOW(),DATE_ADD(NOW(),INTERVAL 60 MINUTE),'127.0.0.1',1,0,NOW(),NOW());
INSERT INTO t_message (id,type,user_id,message,source_id,is_read,state,deleted,create_time,update_time) VALUES (10018,1,2018,'厨房商品通知18',9018,0,1,0,NOW(),NOW());
INSERT INTO t_config (id,name,`group`,title,tip,type,value,content,deleted,create_time,update_time) VALUES (10118,'config.kitchen.18','kitchen','配置18','说明18','string','value18',NULL,0,NOW(),NOW());
INSERT INTO t_operate_log (id,user_id,username,module,operation,method,request_url,request_ip,request_param,response_data,status,error_msg,cost_time,deleted,create_time,update_time) VALUES (10218,2018,'user18','kitchen','OP_18','POST','/api/kitchen/18','127.0.0.1','{}','{ok:true}',1,NULL,38,0,NOW(),NOW());
INSERT INTO t_user_token (id,token,user_id,login_time,expire_time,login_ip,status,deleted,create_time,update_time) VALUES (10318,'TEST_TOKEN_18',2018,NOW(),DATE_ADD(NOW(),INTERVAL 60 MINUTE),'127.0.0.1',1,0,NOW(),NOW());
INSERT INTO t_message (id,type,user_id,message,source_id,is_read,state,deleted,create_time,update_time) VALUES (10019,2,2019,'厨房商品通知19',9019,1,1,0,NOW(),NOW());
INSERT INTO t_config (id,name,`group`,title,tip,type,value,content,deleted,create_time,update_time) VALUES (10119,'config.kitchen.19','kitchen','配置19','说明19','string','value19',NULL,0,NOW(),NOW());
INSERT INTO t_operate_log (id,user_id,username,module,operation,method,request_url,request_ip,request_param,response_data,status,error_msg,cost_time,deleted,create_time,update_time) VALUES (10219,2019,'user19','kitchen','OP_19','POST','/api/kitchen/19','127.0.0.1','{}','{ok:true}',1,NULL,39,0,NOW(),NOW());
INSERT INTO t_user_token (id,token,user_id,login_time,expire_time,login_ip,status,deleted,create_time,update_time) VALUES (10319,'TEST_TOKEN_19',2019,NOW(),DATE_ADD(NOW(),INTERVAL 60 MINUTE),'127.0.0.1',1,0,NOW(),NOW());
INSERT INTO t_message (id,type,user_id,message,source_id,is_read,state,deleted,create_time,update_time) VALUES (10020,3,2020,'厨房商品通知20',9020,0,1,0,NOW(),NOW());
INSERT INTO t_config (id,name,`group`,title,tip,type,value,content,deleted,create_time,update_time) VALUES (10120,'config.kitchen.20','kitchen','配置20','说明20','string','value20',NULL,0,NOW(),NOW());
INSERT INTO t_operate_log (id,user_id,username,module,operation,method,request_url,request_ip,request_param,response_data,status,error_msg,cost_time,deleted,create_time,update_time) VALUES (10220,2020,'user20','kitchen','OP_20','POST','/api/kitchen/20','127.0.0.1','{}','{ok:true}',1,NULL,40,0,NOW(),NOW());
INSERT INTO t_user_token (id,token,user_id,login_time,expire_time,login_ip,status,deleted,create_time,update_time) VALUES (10320,'TEST_TOKEN_20',2020,NOW(),DATE_ADD(NOW(),INTERVAL 60 MINUTE),'127.0.0.1',1,0,NOW(),NOW());
INSERT INTO t_message (id,type,user_id,message,source_id,is_read,state,deleted,create_time,update_time) VALUES (10021,1,2021,'厨房商品通知21',9021,1,1,0,NOW(),NOW());
INSERT INTO t_config (id,name,`group`,title,tip,type,value,content,deleted,create_time,update_time) VALUES (10121,'config.kitchen.21','kitchen','配置21','说明21','string','value21',NULL,0,NOW(),NOW());
INSERT INTO t_operate_log (id,user_id,username,module,operation,method,request_url,request_ip,request_param,response_data,status,error_msg,cost_time,deleted,create_time,update_time) VALUES (10221,2021,'user21','kitchen','OP_21','POST','/api/kitchen/21','127.0.0.1','{}','{ok:true}',1,NULL,41,0,NOW(),NOW());
INSERT INTO t_user_token (id,token,user_id,login_time,expire_time,login_ip,status,deleted,create_time,update_time) VALUES (10321,'TEST_TOKEN_21',2021,NOW(),DATE_ADD(NOW(),INTERVAL 60 MINUTE),'127.0.0.1',1,0,NOW(),NOW());
INSERT INTO t_message (id,type,user_id,message,source_id,is_read,state,deleted,create_time,update_time) VALUES (10022,2,2022,'厨房商品通知22',9022,0,1,0,NOW(),NOW());
INSERT INTO t_config (id,name,`group`,title,tip,type,value,content,deleted,create_time,update_time) VALUES (10122,'config.kitchen.22','kitchen','配置22','说明22','string','value22',NULL,0,NOW(),NOW());
INSERT INTO t_operate_log (id,user_id,username,module,operation,method,request_url,request_ip,request_param,response_data,status,error_msg,cost_time,deleted,create_time,update_time) VALUES (10222,2022,'user22','kitchen','OP_22','POST','/api/kitchen/22','127.0.0.1','{}','{ok:true}',1,NULL,42,0,NOW(),NOW());
INSERT INTO t_user_token (id,token,user_id,login_time,expire_time,login_ip,status,deleted,create_time,update_time) VALUES (10322,'TEST_TOKEN_22',2022,NOW(),DATE_ADD(NOW(),INTERVAL 60 MINUTE),'127.0.0.1',1,0,NOW(),NOW());
INSERT INTO t_message (id,type,user_id,message,source_id,is_read,state,deleted,create_time,update_time) VALUES (10023,3,2023,'厨房商品通知23',9023,1,1,0,NOW(),NOW());
INSERT INTO t_config (id,name,`group`,title,tip,type,value,content,deleted,create_time,update_time) VALUES (10123,'config.kitchen.23','kitchen','配置23','说明23','string','value23',NULL,0,NOW(),NOW());
INSERT INTO t_operate_log (id,user_id,username,module,operation,method,request_url,request_ip,request_param,response_data,status,error_msg,cost_time,deleted,create_time,update_time) VALUES (10223,2023,'user23','kitchen','OP_23','POST','/api/kitchen/23','127.0.0.1','{}','{ok:true}',1,NULL,43,0,NOW(),NOW());
INSERT INTO t_user_token (id,token,user_id,login_time,expire_time,login_ip,status,deleted,create_time,update_time) VALUES (10323,'TEST_TOKEN_23',2023,NOW(),DATE_ADD(NOW(),INTERVAL 60 MINUTE),'127.0.0.1',1,0,NOW(),NOW());
INSERT INTO t_message (id,type,user_id,message,source_id,is_read,state,deleted,create_time,update_time) VALUES (10024,1,2024,'厨房商品通知24',9024,0,1,0,NOW(),NOW());
INSERT INTO t_config (id,name,`group`,title,tip,type,value,content,deleted,create_time,update_time) VALUES (10124,'config.kitchen.24','kitchen','配置24','说明24','string','value24',NULL,0,NOW(),NOW());
INSERT INTO t_operate_log (id,user_id,username,module,operation,method,request_url,request_ip,request_param,response_data,status,error_msg,cost_time,deleted,create_time,update_time) VALUES (10224,2024,'user24','kitchen','OP_24','POST','/api/kitchen/24','127.0.0.1','{}','{ok:true}',1,NULL,44,0,NOW(),NOW());
INSERT INTO t_user_token (id,token,user_id,login_time,expire_time,login_ip,status,deleted,create_time,update_time) VALUES (10324,'TEST_TOKEN_24',2024,NOW(),DATE_ADD(NOW(),INTERVAL 60 MINUTE),'127.0.0.1',1,0,NOW(),NOW());
INSERT INTO t_message (id,type,user_id,message,source_id,is_read,state,deleted,create_time,update_time) VALUES (10025,2,2025,'厨房商品通知25',9025,1,1,0,NOW(),NOW());
INSERT INTO t_config (id,name,`group`,title,tip,type,value,content,deleted,create_time,update_time) VALUES (10125,'config.kitchen.25','kitchen','配置25','说明25','string','value25',NULL,0,NOW(),NOW());
INSERT INTO t_operate_log (id,user_id,username,module,operation,method,request_url,request_ip,request_param,response_data,status,error_msg,cost_time,deleted,create_time,update_time) VALUES (10225,2025,'user25','kitchen','OP_25','POST','/api/kitchen/25','127.0.0.1','{}','{ok:true}',1,NULL,45,0,NOW(),NOW());
INSERT INTO t_user_token (id,token,user_id,login_time,expire_time,login_ip,status,deleted,create_time,update_time) VALUES (10325,'TEST_TOKEN_25',2025,NOW(),DATE_ADD(NOW(),INTERVAL 60 MINUTE),'127.0.0.1',1,0,NOW(),NOW());
INSERT INTO t_message (id,type,user_id,message,source_id,is_read,state,deleted,create_time,update_time) VALUES (10026,3,2026,'厨房商品通知26',9026,0,1,0,NOW(),NOW());
INSERT INTO t_config (id,name,`group`,title,tip,type,value,content,deleted,create_time,update_time) VALUES (10126,'config.kitchen.26','kitchen','配置26','说明26','string','value26',NULL,0,NOW(),NOW());
INSERT INTO t_operate_log (id,user_id,username,module,operation,method,request_url,request_ip,request_param,response_data,status,error_msg,cost_time,deleted,create_time,update_time) VALUES (10226,2026,'user26','kitchen','OP_26','POST','/api/kitchen/26','127.0.0.1','{}','{ok:true}',1,NULL,46,0,NOW(),NOW());
INSERT INTO t_user_token (id,token,user_id,login_time,expire_time,login_ip,status,deleted,create_time,update_time) VALUES (10326,'TEST_TOKEN_26',2026,NOW(),DATE_ADD(NOW(),INTERVAL 60 MINUTE),'127.0.0.1',1,0,NOW(),NOW());
INSERT INTO t_message (id,type,user_id,message,source_id,is_read,state,deleted,create_time,update_time) VALUES (10027,1,2027,'厨房商品通知27',9027,1,1,0,NOW(),NOW());
INSERT INTO t_config (id,name,`group`,title,tip,type,value,content,deleted,create_time,update_time) VALUES (10127,'config.kitchen.27','kitchen','配置27','说明27','string','value27',NULL,0,NOW(),NOW());
INSERT INTO t_operate_log (id,user_id,username,module,operation,method,request_url,request_ip,request_param,response_data,status,error_msg,cost_time,deleted,create_time,update_time) VALUES (10227,2027,'user27','kitchen','OP_27','POST','/api/kitchen/27','127.0.0.1','{}','{ok:true}',1,NULL,47,0,NOW(),NOW());
INSERT INTO t_user_token (id,token,user_id,login_time,expire_time,login_ip,status,deleted,create_time,update_time) VALUES (10327,'TEST_TOKEN_27',2027,NOW(),DATE_ADD(NOW(),INTERVAL 60 MINUTE),'127.0.0.1',1,0,NOW(),NOW());
INSERT INTO t_message (id,type,user_id,message,source_id,is_read,state,deleted,create_time,update_time) VALUES (10028,2,2028,'厨房商品通知28',9028,0,1,0,NOW(),NOW());
INSERT INTO t_config (id,name,`group`,title,tip,type,value,content,deleted,create_time,update_time) VALUES (10128,'config.kitchen.28','kitchen','配置28','说明28','string','value28',NULL,0,NOW(),NOW());
INSERT INTO t_operate_log (id,user_id,username,module,operation,method,request_url,request_ip,request_param,response_data,status,error_msg,cost_time,deleted,create_time,update_time) VALUES (10228,2028,'user28','kitchen','OP_28','POST','/api/kitchen/28','127.0.0.1','{}','{ok:true}',1,NULL,48,0,NOW(),NOW());
INSERT INTO t_user_token (id,token,user_id,login_time,expire_time,login_ip,status,deleted,create_time,update_time) VALUES (10328,'TEST_TOKEN_28',2028,NOW(),DATE_ADD(NOW(),INTERVAL 60 MINUTE),'127.0.0.1',1,0,NOW(),NOW());
INSERT INTO t_message (id,type,user_id,message,source_id,is_read,state,deleted,create_time,update_time) VALUES (10029,3,2029,'厨房商品通知29',9029,1,1,0,NOW(),NOW());
INSERT INTO t_config (id,name,`group`,title,tip,type,value,content,deleted,create_time,update_time) VALUES (10129,'config.kitchen.29','kitchen','配置29','说明29','string','value29',NULL,0,NOW(),NOW());
INSERT INTO t_operate_log (id,user_id,username,module,operation,method,request_url,request_ip,request_param,response_data,status,error_msg,cost_time,deleted,create_time,update_time) VALUES (10229,2029,'user29','kitchen','OP_29','POST','/api/kitchen/29','127.0.0.1','{}','{ok:true}',1,NULL,49,0,NOW(),NOW());
INSERT INTO t_user_token (id,token,user_id,login_time,expire_time,login_ip,status,deleted,create_time,update_time) VALUES (10329,'TEST_TOKEN_29',2029,NOW(),DATE_ADD(NOW(),INTERVAL 60 MINUTE),'127.0.0.1',1,0,NOW(),NOW());
INSERT INTO t_message (id,type,user_id,message,source_id,is_read,state,deleted,create_time,update_time) VALUES (10030,1,2030,'厨房商品通知30',9030,0,1,0,NOW(),NOW());
INSERT INTO t_config (id,name,`group`,title,tip,type,value,content,deleted,create_time,update_time) VALUES (10130,'config.kitchen.30','kitchen','配置30','说明30','string','value30',NULL,0,NOW(),NOW());
INSERT INTO t_operate_log (id,user_id,username,module,operation,method,request_url,request_ip,request_param,response_data,status,error_msg,cost_time,deleted,create_time,update_time) VALUES (10230,2030,'user30','kitchen','OP_30','POST','/api/kitchen/30','127.0.0.1','{}','{ok:true}',1,NULL,50,0,NOW(),NOW());
INSERT INTO t_user_token (id,token,user_id,login_time,expire_time,login_ip,status,deleted,create_time,update_time) VALUES (10330,'TEST_TOKEN_30',2030,NOW(),DATE_ADD(NOW(),INTERVAL 60 MINUTE),'127.0.0.1',1,0,NOW(),NOW());
SET FOREIGN_KEY_CHECKS = 1;
